id,estimation,started_date,closed_date,work_item_age,cycle_time,state_changed_date
90344,8,2022-09-19,2022-09-28,,10,2022-09-19
90374,3,2022-06-07,2022-06-07,,1,2022-06-07
90403,5,2022-04-06,2022-04-08,,2,2022-04-06
111009,13,2022-04-07,2022-04-08,,2,2022-04-07
111499,2,2022-03-31,2022-04-01,,1,2022-03-31
112217,1,2022-03-17,2022-03-17,,1,2022-03-17
112566,21,2022-03-03,2022-04-25,,53,2022-03-03
113793,8,2022-05-23,2022-06-21,,29,2022-05-23
114567,5,2022-03-31,2022-04-05,,6,2022-03-31
114783,3,2022-03-25,2022-03-28,,3,2022-03-25
114937,8,2022-04-04,2022-04-08,,4,2022-04-04
114945,2,2022-03-31,2022-04-06,,6,2022-03-31
114946,5,2022-03-30,2022-04-07,,8,2022-03-30
115073,13,2022-03-31,2022-04-08,,8,2022-03-31
115312,8,2022-04-01,2022-04-12,,11,2022-04-01
115334,5,2022-03-31,2022-04-08,,8,2022-03-31
115355,13,2022-03-31,2022-04-19,,19,2022-03-31
115408,2,2022-04-08,2022-04-08,,1,2022-04-08
115412,3,2022-05-20,2022-05-25,,6,2022-05-20
115423,8,2022-04-08,2022-04-11,,4,2022-04-08
115446,5,2022-04-27,2022-04-29,,2,2022-04-27
115487,13,2022-04-08,2022-04-11,,3,2022-04-08
115491,2,2022-04-07,2022-04-08,,2,2022-04-07
115632,8,2022-04-13,2022-04-26,,14,2022-04-13
115670,3,2023-09-15,2023-09-15,,1,2023-09-15
115672,5,2022-04-11,2022-04-13,,3,2022-04-11
115678,13,2022-05-18,2022-05-19,,2,2022-05-18
115683,8,2022-04-06,2022-04-14,,9,2022-04-06
115684,5,2022-04-06,2022-04-14,,9,2022-04-06
115687,3,2022-04-06,2022-04-14,,9,2022-04-06
115700,21,2022-04-06,2022-05-10,,34,2022-04-06
115805,13,2022-04-07,2022-04-14,,7,2022-04-07
115822,8,2022-04-07,2022-05-11,,34,2022-04-07
115925,5,2022-04-12,2022-04-19,,8,2022-04-12
115985,3,2022-04-14,2022-04-18,,4,2022-04-14
115990,21,2022-04-21,2022-06-21,,62,2022-04-21
115991,13,2022-05-20,2022-05-30,,11,2022-05-20
115992,8,2022-05-31,2022-06-21,,21,2022-05-31
116008,5,2022-04-12,2022-04-13,,2,2022-04-12
116121,3,2022-04-25,2022-04-29,,5,2022-04-25
116141,2,2022-04-21,2022-04-21,,1,2022-04-21
116158,1,2022-04-12,2022-04-13,,1,2022-04-12
116159,8,2022-04-12,2022-04-13,,1,2022-04-12
116302,13,2022-04-15,2022-05-02,,18,2022-04-15
116306,21,2022-04-15,2022-05-04,,20,2022-04-15
116332,5,2022-04-18,2022-04-19,,2,2022-04-18
116375,3,2022-04-18,2022-05-10,,23,2022-04-18
116418,2,2022-04-19,2022-04-20,,2,2022-04-19
116443,5,2022-04-26,2022-04-28,,2,2022-04-26
116536,8,2022-04-26,2022-05-02,,6,2022-04-26
116539,1,2022-04-21,2022-04-21,,1,2022-04-21
116555,13,2022-04-20,2022-04-25,,6,2022-04-20
116738,3,2022-04-25,2022-04-27,,3,2022-04-25
116739,5,2022-04-25,2022-04-27,,3,2022-04-25
116751,8,2022-04-26,2022-04-28,,3,2022-04-26
116753,13,2022-04-29,2022-05-04,,5,2022-04-29
116816,21,2022-05-02,2022-05-16,,15,2022-05-02
116953,8,2022-05-05,2022-05-25,,21,2022-05-05
116957,13,2022-04-27,2022-05-16,,20,2022-04-27
117224,5,2022-04-29,2022-05-06,,7,2022-04-29
117544,3,2022-05-02,2022-05-04,,3,2022-05-02
117545,1,2022-05-04,2022-05-04,,1,2022-05-04
117558,1,2022-05-02,2022-05-02,,1,2022-05-02
117594,3,2022-05-16,2022-05-19,,3,2022-05-16
117660,1,2022-05-18,2022-05-19,,1,2022-05-18
117761,1,2022-05-09,2022-05-09,,1,2022-05-09
117850,1,2022-05-19,2022-05-20,,1,2022-05-19
117864,1,2022-05-05,2022-05-06,,1,2022-05-05
117891,4,2022-05-06,2022-05-09,,4,2022-05-06
117892,7,2022-05-12,2022-05-18,,7,2022-05-12
117951,3,2022-05-16,2022-05-18,,3,2022-05-16
117952,2,2022-06-14,2022-06-16,,2,2022-06-14
117977,57,2022-05-10,2022-07-05,,57,2022-05-10
117978,7,2022-05-10,2022-05-16,,7,2022-05-10
117987,2,2022-05-11,2022-05-12,,2,2022-05-11
118003,1,2022-05-20,2022-05-20,,1,2022-05-20
118004,7,2022-05-23,2022-05-30,,7,2022-05-23
118018,1,2022-05-12,2022-05-12,,1,2022-05-12
118039,8,2022-05-24,2022-05-31,,8,2022-05-24
118054,7,2022-07-05,2022-07-11,,7,2022-07-05
118171,1,2022-05-18,2022-05-18,,1,2022-05-18
118176,5,2022-05-12,2022-05-16,,5,2022-05-12
118219,5,2022-05-19,2022-05-23,,5,2022-05-19
118233,3,2022-05-13,2022-05-16,,3,2022-05-13
118250,1,2022-05-16,2022-05-16,,1,2022-05-16
118266,1,2022-05-16,2022-05-16,,1,2022-05-16
118309,1,2022-05-17,2022-05-17,,1,2022-05-17
118311,2,2022-05-17,2022-05-18,,2,2022-05-17
118323,1,2022-07-19,2022-07-19,,1,2022-07-19
118354,2,2022-05-18,2022-05-19,,2,2022-05-18
118355,1,2022-05-17,2022-05-17,,1,2022-05-17
118360,4,2022-09-09,2022-09-13,,4,2022-09-09
118400,1,2022-05-16,2022-05-17,,1,2022-05-16
118520,1,2022-05-30,2022-05-30,,1,2022-05-30
118525,1,2022-09-27,2022-09-28,,1,2022-09-27
118569,6,2022-05-24,2022-05-30,,6,2022-05-24
118571,7,2022-05-24,2022-05-30,,7,2022-05-24
118575,8,2022-09-05,2022-09-12,,8,2022-09-05
118584,4,2022-05-20,2022-05-23,,4,2022-05-20
118724,12,2022-06-16,2022-06-27,,12,2022-06-16
118745,2,2022-06-06,2022-06-07,,2,2022-06-06
118755,4,2022-05-27,2022-05-30,,4,2022-05-27
118756,1,2022-06-27,2022-06-27,,1,2022-06-27
118761,2,2022-05-26,2022-05-27,,2,2022-05-26
118862,4,2022-06-03,2022-06-06,,4,2022-06-03
118869,7,2022-06-20,2022-06-27,,7,2022-06-20
118877,2,2022-05-26,2022-05-27,,2,2022-05-26
118881,1,2022-05-26,2022-05-26,,1,2022-05-26
118882,2,2022-05-25,2022-05-27,,2,2022-05-25
118883,1,2022-05-25,2022-05-25,,1,2022-05-25
119008,14,2022-06-23,2022-07-06,,14,2022-06-23
119036,1,2022-06-16,2022-06-16,,1,2022-06-16
119233,4,2022-05-30,2022-06-02,,4,2022-05-30
119234,1,2022-06-14,2022-06-14,,1,2022-06-14
119263,9,2022-10-04,2022-10-12,,9,2022-10-04
119316,1,2022-06-15,2022-06-15,,1,2022-06-15
119458,2,2022-07-26,2022-07-27,,2,2022-07-26
119479,1,2022-07-13,2022-07-13,,1,2022-07-13
119618,6,2022-07-20,2022-07-25,,6,2022-07-20
119627,1,2022-08-24,2022-08-24,,1,2022-08-24
119673,1,2022-07-14,2022-07-14,,1,2022-07-14
119701,3,2022-06-14,2022-06-16,,3,2022-06-14
119754,4,2022-06-09,2022-06-13,,4,2022-06-09
119949,1,2022-06-27,2022-06-27,,1,2022-06-27
119991,1,2022-09-08,2022-09-09,,1,2022-09-08
119992,1,2022-07-19,2022-07-19,,1,2022-07-19
120074,7,2022-08-17,2022-08-23,,7,2022-08-17
120077,1,2022-07-26,2022-07-26,,1,2022-07-26
120139,7,2022-06-21,2022-06-28,,7,2022-06-21
120140,1,2022-07-08,2022-07-08,,1,2022-07-08
120141,1,2022-07-14,2022-07-14,,1,2022-07-14
120209,1,2022-07-07,2022-07-07,,1,2022-07-07
120216,2,2023-01-25,2023-01-27,,2,2023-01-25
120253,19,2022-06-13,2022-07-01,,19,2022-06-13
120264,1,2022-07-07,2022-07-07,,1,2022-07-07
120333,1,2022-07-08,2022-07-08,,1,2022-07-08
120336,4,2022-06-30,2022-07-04,,4,2022-06-30
120427,1,2022-06-15,2022-06-15,,1,2022-06-15
120618,1,2022-06-20,2022-06-21,,1,2022-06-20
120641,3,2022-06-20,2022-06-22,,3,2022-06-20
120666,17,2022-06-21,2022-07-08,,17,2022-06-21
120667,7,2022-07-01,2022-07-08,,7,2022-07-01
120668,2,2022-07-19,2022-07-21,,2,2022-07-19
120669,4,2022-07-15,2022-07-19,,4,2022-07-15
121132,5,2022-06-22,2022-06-27,,5,2022-06-22
121181,1,2022-12-13,2022-12-14,,1,2022-12-13
121191,4,2022-06-23,2022-06-27,,4,2022-06-23
121275,3,2022-06-28,2022-06-30,,3,2022-06-28
121324,1,2022-10-14,2022-10-14,,1,2022-10-14
121337,1,2022-11-29,2022-11-29,,1,2022-11-29
121338,6,2022-08-24,2022-08-30,,6,2022-08-24
121343,4,2022-08-04,2022-08-08,,4,2022-08-04
121384,1,2022-08-04,2022-08-04,,1,2022-08-04
121389,3,2022-09-02,2022-09-05,,3,2022-09-02
121391,2,2022-10-03,2022-10-05,,2,2022-10-03
121400,3,2022-07-11,2022-07-14,,3,2022-07-11
121447,6,2022-11-30,2022-12-05,,6,2022-11-30
121624,3,2022-08-09,2022-08-11,,3,2022-08-09
121632,1,2022-07-08,2022-07-08,,1,2022-07-08
121644,1,2022-10-13,2022-10-13,,1,2022-10-13
121664,4,2022-10-14,2022-10-17,,4,2022-10-14
121692,1,2022-11-29,2022-11-29,,1,2022-11-29
121697,1,2022-12-13,2022-12-13,,1,2022-12-13
121705,7,2023-01-24,2023-01-31,,7,2023-01-24
121746,8,2022-07-26,2022-08-02,,8,2022-07-26
121747,1,2022-07-04,2022-07-04,,1,2022-07-04
121760,11,2022-08-11,2022-08-22,,11,2022-08-11
121761,1,2022-10-13,2022-10-14,,1,2022-10-13
121763,1,2022-10-04,2022-10-05,,1,2022-10-04
121765,1,2022-07-29,2022-07-29,,1,2022-07-29
121767,4,2022-10-14,2022-10-17,,4,2022-10-14
121768,1,2022-09-07,2022-09-07,,1,2022-09-07
121770,2,2022-08-22,2022-08-23,,2,2022-08-22
121809,1,2022-07-04,2022-07-04,,1,2022-07-04
121946,6,2022-09-28,2022-10-04,,6,2022-09-28
121950,13,2022-09-22,2022-10-04,,13,2022-09-22
121996,1,2022-07-07,2022-07-07,,1,2022-07-07
122006,1,2022-09-05,2022-09-06,,1,2022-09-05
122007,5,2022-07-08,2022-07-12,,5,2022-07-08
122013,4,2022-07-08,2022-07-11,,4,2022-07-08
122015,1,2022-07-07,2022-07-07,,1,2022-07-07
122016,1,2022-12-14,2022-12-15,,1,2022-12-14
122018,1,2022-07-26,2022-07-26,,1,2022-07-26
122041,2,2022-07-18,2022-07-19,,2,2022-07-18
122052,5,2022-12-19,2022-12-23,,5,2022-12-19
122058,3,2022-07-08,2022-07-11,,3,2022-07-08
122091,3,2022-07-08,2022-07-11,,3,2022-07-08
122123,4,2022-08-30,2022-09-02,,4,2022-08-30
122142,2,2022-07-11,2022-07-12,,2,2022-07-11
122363,1,2022-07-26,2022-07-27,,1,2022-07-26
122378,1,2022-07-12,2022-07-12,,1,2022-07-12
122380,1,2022-07-19,2022-07-19,,1,2022-07-19
122413,1,2022-08-23,2022-08-24,,1,2022-08-23
122485,2,2022-10-26,2022-10-27,,2,2022-10-26
122490,1,2022-09-23,2022-09-23,,1,2022-09-23
122542,7,2022-12-14,2022-12-21,,7,2022-12-14
122588,52,2022-07-20,2022-09-09,,52,2022-07-20
122649,2,2022-08-03,2022-08-04,,2,2022-08-03
122650,2,2022-07-25,2022-07-26,,2,2022-07-25
122651,1,2022-07-20,2022-07-21,,1,2022-07-20
122653,5,2022-07-20,2022-07-25,,5,2022-07-20
122697,2,2022-09-01,2022-09-02,,2,2022-09-01
122769,3,2022-08-22,2022-08-24,,3,2022-08-22
122770,1,2022-08-24,2022-08-24,,1,2022-08-24
122772,15,2022-08-08,2022-08-22,,15,2022-08-08
122848,1,2022-07-22,2022-07-22,,1,2022-07-22
122905,1,2022-09-12,2022-09-12,,1,2022-09-12
123034,2,2022-08-08,2022-08-09,,2,2022-08-08
123035,7,2022-12-29,2023-01-04,,7,2022-12-29
123042,2,2022-08-22,2022-08-23,,2,2022-08-22
123079,1,2022-09-08,2022-09-09,,1,2022-09-08
123081,8,2022-11-08,2022-11-15,,8,2022-11-08
123122,1,2022-08-04,2022-08-05,,1,2022-08-04
123449,2,2022-10-25,2022-10-27,,2,2022-10-25
123599,2,2022-09-07,2022-09-08,,2,2022-09-07
123779,6,2022-08-05,2022-08-10,,6,2022-08-05
123785,8,2022-08-11,2022-08-18,,8,2022-08-11
123878,1,2022-08-04,2022-08-04,,1,2022-08-04
124982,3,2022-08-23,2022-08-25,,3,2022-08-23
125152,3,2022-09-07,2022-09-09,,3,2022-09-07
125301,1,2022-09-21,2022-09-22,,1,2022-09-21
125311,1,2022-09-14,2022-09-14,,1,2022-09-14
125334,1,2022-09-06,2022-09-07,,1,2022-09-06
125415,1,2022-09-09,2022-09-09,,1,2022-09-09
125416,1,2022-09-07,2022-09-07,,1,2022-09-07
125421,2,2022-08-28,2022-08-29,,2,2022-08-28
125425,2,2022-08-29,2022-08-30,,2,2022-08-29
125430,6,2022-09-07,2022-09-13,,6,2022-09-07
125540,5,2022-09-16,2022-09-21,,5,2022-09-16
125541,4,2022-08-26,2022-08-29,,4,2022-08-26
125750,3,2022-09-07,2022-09-09,,3,2022-09-07
125871,1,2022-09-01,2022-09-02,,1,2022-09-01
125872,1,2022-09-01,2022-09-02,,1,2022-09-01
126031,1,2022-09-06,2022-09-06,,1,2022-09-06
126039,1,2022-09-06,2022-09-06,,1,2022-09-06
126040,16,2022-10-04,2022-10-19,,16,2022-10-04
126041,2,2022-09-27,2022-09-29,,2,2022-09-27
126042,1,2022-11-28,2022-11-29,,1,2022-11-28
126043,1,2022-11-28,2022-11-29,,1,2022-11-28
126048,1,2022-11-28,2022-11-29,,1,2022-11-28
126049,1,2022-12-12,2022-12-13,,1,2022-12-12
126071,1,2022-09-05,2022-09-05,,1,2022-09-05
126072,1,2022-09-23,2022-09-23,,1,2022-09-23
126422,2,2022-09-20,2022-09-22,,2,2022-09-20
126425,1,2022-11-29,2022-11-29,,1,2022-11-29
126438,5,2022-09-09,2022-09-13,,5,2022-09-09
126442,4,2022-09-09,2022-09-12,,4,2022-09-09
126450,9,2022-09-20,2022-09-28,,9,2022-09-20
126454,7,2022-09-09,2022-09-15,,7,2022-09-09
126541,2,2022-09-12,2022-09-14,,2,2022-09-12
126542,1,2022-09-16,2022-09-16,,1,2022-09-16
126543,3,2022-10-18,2022-10-20,,3,2022-10-18
126545,1,2022-09-14,2022-09-14,,1,2022-09-14
126612,2,2022-09-13,2022-09-14,,2,2022-09-13
126638,1,2022-09-22,2022-09-23,,1,2022-09-22
126644,1,2022-09-15,2022-09-15,,1,2022-09-15
126657,2,2022-09-14,2022-09-15,,2,2022-09-14
126682,1,2022-09-14,2022-09-14,,1,2022-09-14
126684,1,2022-09-14,2022-09-14,,1,2022-09-14
126721,1,2022-09-14,2022-09-14,,1,2022-09-14
126724,1,2022-09-16,2022-09-16,,1,2022-09-16
126865,1,2022-09-19,2022-09-19,,1,2022-09-19
126901,1,2022-09-19,2022-09-19,,1,2022-09-19
126905,1,2022-09-19,2022-09-20,,1,2022-09-19
126916,1,2022-09-19,2022-09-19,,1,2022-09-19
126925,7,2022-12-14,2022-12-21,,7,2022-12-14
127008,34,2022-09-21,2022-10-25,,34,2022-09-21
127127,27,2022-09-28,2022-10-25,,27,2022-09-28
127129,21,2022-10-04,2022-10-25,,21,2022-10-04
127130,24,2022-09-21,2022-10-14,,24,2022-09-21
127252,1,2022-10-04,2022-10-05,,1,2022-10-04
127371,2,2022-10-04,2022-10-05,,2,2022-10-04
127414,1,2022-09-28,2022-09-29,,1,2022-09-28
127489,1,2022-10-18,2022-10-18,,1,2022-10-18
127538,1,2022-10-20,2022-10-20,,1,2022-10-20
127576,2,2022-10-03,2022-10-05,,2,2022-10-03
127577,6,2022-10-04,2022-10-10,,6,2022-10-04
127578,6,2022-10-04,2022-10-10,,6,2022-10-04
127579,2,2022-10-03,2022-10-04,,2,2022-10-03
127580,20,2022-10-12,2022-10-31,,20,2022-10-12
127581,21,2022-10-17,2022-11-07,,21,2022-10-17
127584,6,2022-10-11,2022-10-17,,6,2022-10-11
127594,3,2022-10-11,2022-10-14,,3,2022-10-11
127603,8,2022-11-16,2022-11-24,,8,2022-11-16
127695,8,2022-10-03,2022-10-11,,8,2022-10-03
127808,15,2022-09-29,2022-10-14,,15,2022-09-29
127964,14,2022-10-11,2022-10-25,,14,2022-10-11
128024,6,2022-10-05,2022-10-11,,6,2022-10-05
128054,7,2022-10-11,2022-10-17,,7,2022-10-11
128201,1,2022-10-17,2022-10-18,,1,2022-10-17
128209,3,2022-10-12,2022-10-14,,3,2022-10-12
128270,4,2022-10-10,2022-10-14,,4,2022-10-10
128273,1,2022-11-03,2022-11-03,,1,2022-11-03
128333,13,2022-11-02,2022-11-15,,13,2022-11-02
128346,12,2022-10-13,2022-10-25,,12,2022-10-13
128348,12,2022-10-24,2022-11-04,,12,2022-10-24
128387,1,2022-10-17,2022-10-17,,1,2022-10-17
128390,34,2022-10-12,2022-11-15,,34,2022-10-12
128433,6,2022-10-19,2022-10-25,,6,2022-10-19
128478,2,2022-12-13,2022-12-14,,2,2022-12-13
128502,1,2023-01-09,2023-01-10,,1,2023-01-09
128512,7,2022-11-29,2022-12-06,,7,2022-11-29
128688,23,2022-10-17,2022-11-09,,23,2022-10-17
128921,1,2022-12-13,2022-12-14,,1,2022-12-13
129209,1,2023-01-16,2023-01-16,,1,2023-01-16
129386,13,2022-10-21,2022-11-02,,13,2022-10-21
129398,1,2022-12-14,2022-12-14,,1,2022-12-14
129464,13,2022-11-02,2022-11-15,,13,2022-11-02
129465,9,2022-11-02,2022-11-11,,9,2022-11-02
129467,2,2022-11-28,2022-11-30,,2,2022-11-28
129673,3,2023-07-04,2023-07-07,,3,2023-07-04
129792,2,2022-10-26,2022-10-27,,2,2022-10-26
129819,4,2022-10-27,2022-10-31,,4,2022-10-27
129820,6,2022-10-27,2022-11-02,,6,2022-10-27
129821,2,2022-11-01,2022-11-03,,2,2022-11-01
129822,3,2022-10-28,2022-10-31,,3,2022-10-28
129823,2,2022-10-31,2022-11-02,,2,2022-10-31
129824,1,2022-10-30,2022-10-31,,1,2022-10-30
129825,2,2022-11-01,2022-11-03,,2,2022-11-01
129826,7,2022-10-27,2022-11-03,,7,2022-10-27
129827,1,2022-10-31,2022-10-31,,1,2022-10-31
129828,3,2022-10-31,2022-11-03,,3,2022-10-31
129923,1,2022-11-04,2022-11-04,,1,2022-11-04
129924,4,2022-10-31,2022-11-04,,4,2022-10-31
129927,1,2022-11-03,2022-11-04,,1,2022-11-03
129928,1,2022-11-03,2022-11-03,,1,2022-11-03
129999,1,2022-11-14,2022-11-14,,1,2022-11-14
130464,8,2022-11-07,2022-11-15,,8,2022-11-07
130631,2,2022-11-02,2022-11-04,,2,2022-11-02
130632,2,2022-11-02,2022-11-04,,2,2022-11-02
130652,2,2022-11-03,2022-11-04,,2,2022-11-03
130674,8,2022-12-14,2022-12-21,,8,2022-12-14
130784,1,2022-11-03,2022-11-04,,1,2022-11-03
130786,6,2022-11-03,2022-11-09,,6,2022-11-03
130787,1,2022-11-08,2022-11-09,,1,2022-11-08
130793,1,2022-11-08,2022-11-09,,1,2022-11-08
130794,2,2022-11-08,2022-11-10,,2,2022-11-08
130795,1,2022-11-08,2022-11-09,,1,2022-11-08
130798,1,2022-11-04,2022-11-04,,1,2022-11-04
130819,7,2022-11-03,2022-11-09,,7,2022-11-03
130924,1,2022-11-04,2022-11-04,,1,2022-11-04
130925,1,2022-11-04,2022-11-04,,1,2022-11-04
130969,5,2022-11-04,2022-11-09,,5,2022-11-04
130971,5,2022-11-04,2022-11-09,,5,2022-11-04
130973,1,2022-11-22,2022-11-22,,1,2022-11-22
130977,4,2022-11-07,2022-11-11,,4,2022-11-07
130978,1,2022-11-04,2022-11-04,,1,2022-11-04
130985,1,2022-11-08,2022-11-09,,1,2022-11-08
130988,1,2022-11-15,2022-11-15,,1,2022-11-15
130993,2,2022-11-06,2022-11-08,,2,2022-11-06
131006,2,2022-11-07,2022-11-09,,2,2022-11-07
131007,1,2022-11-07,2022-11-08,,1,2022-11-07
131008,2,2022-11-07,2022-11-09,,2,2022-11-07
131009,2,2022-11-09,2022-11-11,,2,2022-11-09
131010,1,2022-11-07,2022-11-07,,1,2022-11-07
131011,4,2022-11-07,2022-11-11,,4,2022-11-07
131013,2,2022-11-07,2022-11-09,,2,2022-11-07
131024,1,2022-11-07,2022-11-07,,1,2022-11-07
131071,1,2022-11-08,2022-11-09,,1,2022-11-08
131081,3,2022-11-09,2022-11-11,,3,2022-11-09
131103,3,2022-11-22,2022-11-24,,3,2022-11-22
131132,3,2022-11-08,2022-11-11,,3,2022-11-08
131136,3,2022-11-08,2022-11-10,,3,2022-11-08
131138,3,2022-11-08,2022-11-11,,3,2022-11-08
131152,6,2022-11-09,2022-11-15,,6,2022-11-09
131161,7,2022-11-10,2022-11-16,,7,2022-11-10
131318,1,2022-11-10,2022-11-11,,1,2022-11-10
131333,2,2022-11-09,2022-11-11,,2,2022-11-09
131335,2,2022-11-09,2022-11-11,,2,2022-11-09
131342,6,2022-11-09,2022-11-15,,6,2022-11-09
131360,1,2022-11-10,2022-11-11,,1,2022-11-10
131370,1,2022-11-28,2022-11-28,,1,2022-11-28
131400,3,2022-11-15,2022-11-17,,3,2022-11-15
131418,1,2022-11-14,2022-11-15,,1,2022-11-14
131419,1,2022-11-14,2022-11-15,,1,2022-11-14
131421,5,2022-11-11,2022-11-15,,5,2022-11-11
131423,1,2022-11-10,2022-11-10,,1,2022-11-10
131424,1,2022-11-15,2022-11-16,,1,2022-11-15
131431,4,2022-11-14,2022-11-18,,4,2022-11-14
131432,8,2022-12-15,2022-12-23,,8,2022-12-15
131434,1,2022-11-14,2022-11-15,,1,2022-11-14
131451,4,2022-11-11,2022-11-15,,4,2022-11-11
131471,6,2022-11-10,2022-11-16,,6,2022-11-10
131492,1,2022-11-14,2022-11-15,,1,2022-11-14
131560,1,2022-11-15,2022-11-16,,1,2022-11-15
131583,6,2022-11-18,2022-11-23,,6,2022-11-18
131622,4,2022-11-11,2022-11-15,,4,2022-11-11
131623,4,2022-11-18,2022-11-22,,4,2022-11-18
131635,11,2022-11-14,2022-11-24,,11,2022-11-14
131636,1,2022-11-16,2022-11-16,,1,2022-11-16
131649,4,2022-11-11,2022-11-15,,4,2022-11-11
131677,10,2022-11-11,2022-11-21,,10,2022-11-11
131859,3,2022-11-23,2022-11-25,,3,2022-11-23
131912,2,2022-11-17,2022-11-18,,2,2022-11-17
131928,4,2022-11-15,2022-11-18,,4,2022-11-15
132131,1,2022-11-24,2022-11-24,,1,2022-11-24
132132,1,2022-11-24,2022-11-24,,1,2022-11-24
132166,3,2022-11-15,2022-11-18,,3,2022-11-15
132256,3,2022-11-16,2022-11-18,,3,2022-11-16
132624,3,2022-11-29,2022-12-01,,3,2022-11-29
132625,1,2022-11-29,2022-11-30,,1,2022-11-29
132626,1,2022-11-30,2022-11-30,,1,2022-11-30
132627,1,2022-11-30,2022-11-30,,1,2022-11-30
132649,6,2022-11-16,2022-11-22,,6,2022-11-16
132696,1,2022-11-25,2022-11-25,,1,2022-11-25
132715,3,2022-11-18,2022-11-21,,3,2022-11-18
132953,5,2022-11-18,2022-11-22,,5,2022-11-18
132960,1,2022-11-18,2022-11-18,,1,2022-11-18
132969,7,2022-11-18,2022-11-24,,7,2022-11-18
132974,4,2022-11-21,2022-11-24,,4,2022-11-21
132975,2,2022-12-12,2022-12-14,,2,2022-12-12
132979,3,2022-11-21,2022-11-23,,3,2022-11-21
132989,2,2022-12-14,2022-12-15,,2,2022-12-14
132990,1,2022-12-21,2022-12-21,,1,2022-12-21
133002,6,2022-11-25,2022-12-01,,6,2022-11-25
133010,6,2022-11-18,2022-11-24,,6,2022-11-18
133011,1,2022-11-18,2022-11-18,,1,2022-11-18
133012,1,2022-11-18,2022-11-18,,1,2022-11-18
133034,1,2022-11-23,2022-11-24,,1,2022-11-23
133040,6,2022-12-28,2023-01-03,,6,2022-12-28
133083,1,2022-11-23,2022-11-23,,1,2022-11-23
133085,2,2022-11-21,2022-11-23,,2,2022-11-21
133125,5,2022-12-09,2022-12-13,,5,2022-12-09
133175,2,2022-11-23,2022-11-25,,2,2022-11-23
133194,1,2022-11-23,2022-11-23,,1,2022-11-23
133212,4,2022-12-09,2022-12-12,,4,2022-12-09
133222,4,2022-11-28,2022-12-01,,4,2022-11-28
133585,16,2022-11-28,2022-12-13,,16,2022-11-28
133590,1,2022-11-23,2022-11-24,,1,2022-11-23
133626,1,2022-11-24,2022-11-24,,1,2022-11-24
133682,1,2022-11-24,2022-11-24,,1,2022-11-24
133686,2,2022-11-24,2022-11-25,,2,2022-11-24
133702,1,2022-11-25,2022-11-25,,1,2022-11-25
133706,1,2022-11-24,2022-11-24,,1,2022-11-24
133727,1,2022-11-24,2022-11-25,,1,2022-11-24
133732,1,2022-11-24,2022-11-24,,1,2022-11-24
133736,1,2022-12-13,2022-12-14,,1,2022-12-13
133752,1,2022-11-24,2022-11-25,,1,2022-11-24
133933,3,2022-12-19,2022-12-22,,3,2022-12-19
133934,3,2022-12-09,2022-12-12,,3,2022-12-09
134149,1,2022-11-29,2022-11-29,,1,2022-11-29
134150,6,2022-12-06,2022-12-12,,6,2022-12-06
134151,9,2022-12-06,2022-12-14,,9,2022-12-06
134152,9,2022-12-06,2022-12-14,,9,2022-12-06
134153,7,2022-11-30,2022-12-06,,7,2022-11-30
134154,7,2022-11-30,2022-12-06,,7,2022-11-30
134155,7,2022-11-30,2022-12-06,,7,2022-11-30
134156,7,2022-11-30,2022-12-06,,7,2022-11-30
134157,7,2022-11-30,2022-12-06,,7,2022-11-30
134158,7,2022-11-30,2022-12-06,,7,2022-11-30
134159,13,2022-11-30,2022-12-12,,13,2022-11-30
134160,13,2022-11-30,2022-12-12,,13,2022-11-30
134161,13,2022-11-30,2022-12-12,,13,2022-11-30
134162,7,2022-11-30,2022-12-06,,7,2022-11-30
134163,7,2022-11-30,2022-12-06,,7,2022-11-30
134164,7,2022-11-30,2022-12-06,,7,2022-11-30
134193,8,2022-11-29,2022-12-07,,8,2022-11-29
134197,15,2022-11-30,2022-12-14,,15,2022-11-30
134199,12,2022-12-02,2022-12-13,,12,2022-12-02
134553,2,2022-11-30,2022-12-01,,2,2022-11-30
134557,1,2023-02-14,2023-02-14,,1,2023-02-14
134665,1,2022-12-01,2022-12-02,,1,2022-12-01
134667,1,2022-12-01,2022-12-02,,1,2022-12-01
134668,22,2022-12-01,2022-12-23,,22,2022-12-01
134675,1,2022-12-01,2022-12-02,,1,2022-12-01
134751,4,2022-12-02,2022-12-05,,4,2022-12-02
134786,7,2022-12-27,2023-01-03,,7,2022-12-27
134787,2,2022-12-06,2022-12-08,,2,2022-12-06
134851,8,2022-12-06,2022-12-13,,8,2022-12-06
134943,3,2022-12-12,2022-12-14,,3,2022-12-12
134956,4,2022-12-09,2022-12-12,,4,2022-12-09
134958,6,2022-12-07,2022-12-12,,6,2022-12-07
135038,4,2022-12-08,2022-12-12,,4,2022-12-08
135039,6,2023-01-26,2023-01-31,,6,2023-01-26
135042,5,2022-12-07,2022-12-12,,5,2022-12-07
135138,4,2022-12-19,2022-12-22,,4,2022-12-19
135367,1,2022-12-14,2022-12-14,,1,2022-12-14
135374,7,2022-12-09,2022-12-16,,7,2022-12-09
135548,3,2022-12-12,2022-12-14,,3,2022-12-12
135653,2,2022-12-13,2022-12-15,,2,2022-12-13
135657,3,2022-12-13,2022-12-15,,3,2022-12-13
135674,5,2022-12-29,2023-01-03,,5,2022-12-29
135675,1,2022-12-13,2022-12-14,,1,2022-12-13
135676,1,2023-01-24,2023-01-24,,1,2023-01-24
135677,1,2022-12-16,2022-12-16,,1,2022-12-16
135678,8,2022-12-21,2022-12-29,,8,2022-12-21
135679,8,2022-12-21,2022-12-29,,8,2022-12-21
135741,7,2022-12-15,2022-12-21,,7,2022-12-15
135772,2,2022-12-14,2022-12-15,,2,2022-12-14
135775,1,2022-12-14,2022-12-15,,1,2022-12-14
135778,3,2022-12-19,2022-12-22,,3,2022-12-19
135943,8,2022-12-15,2022-12-23,,8,2022-12-15
135948,5,2022-12-16,2022-12-20,,5,2022-12-16
135949,6,2022-12-16,2022-12-22,,6,2022-12-16
135951,2,2022-12-21,2022-12-22,,2,2022-12-21
135952,1,2022-12-22,2022-12-23,,1,2022-12-22
136057,14,2023-02-14,2023-02-27,,14,2023-02-14
136058,4,2023-02-28,2023-03-03,,4,2023-02-28
136060,3,2023-02-28,2023-03-03,,3,2023-02-28
136094,1,2022-12-21,2022-12-21,,1,2022-12-21
136110,1,2022-12-21,2022-12-22,,1,2022-12-21
136113,1,2023-01-11,2023-01-12,,1,2023-01-11
136114,16,2022-12-19,2023-01-04,,16,2022-12-19
136197,16,2023-05-15,2023-05-31,,16,2023-05-15
136262,1,2022-12-22,2022-12-23,,1,2022-12-22
136304,1,2023-01-02,2023-01-03,,1,2023-01-02
136305,18,2023-01-02,2023-01-20,,18,2023-01-02
136306,11,2023-01-09,2023-01-20,,11,2023-01-09
136307,5,2023-01-05,2023-01-09,,5,2023-01-05
136308,22,2022-12-30,2023-01-20,,22,2022-12-30
136348,3,2022-12-21,2022-12-23,,3,2022-12-21
136367,12,2022-12-28,2023-01-09,,12,2022-12-28
136381,1,2022-12-21,2022-12-22,,1,2022-12-21
136457,1,2023-01-20,2023-01-20,,1,2023-01-20
136459,5,2022-12-29,2023-01-03,,5,2022-12-29
136460,2,2022-12-22,2022-12-23,,2,2022-12-22
136468,7,2022-12-27,2023-01-03,,7,2022-12-27
136480,4,2022-12-29,2023-01-02,,4,2022-12-29
136516,5,2022-12-23,2022-12-28,,5,2022-12-23
136517,11,2022-12-23,2023-01-03,,11,2022-12-23
136519,2,2022-12-28,2022-12-29,,2,2022-12-28
136527,1,2022-12-23,2022-12-23,,1,2022-12-23
136534,5,2022-12-29,2023-01-03,,5,2022-12-29
136535,6,2022-12-23,2022-12-29,,6,2022-12-23
136536,2,2022-12-27,2022-12-29,,2,2022-12-27
136537,1,2022-12-23,2022-12-23,,1,2022-12-23
136556,3,2022-12-27,2022-12-29,,3,2022-12-27
136804,1,2023-01-24,2023-01-25,,1,2023-01-24
136986,2,2023-01-03,2023-01-04,,2,2023-01-03
137004,1,2023-01-03,2023-01-04,,1,2023-01-03
137006,2,2023-01-03,2023-01-04,,2,2023-01-03
137007,2,2023-01-04,2023-01-06,,2,2023-01-04
137008,2,2023-01-04,2023-01-06,,2,2023-01-04
137011,2,2023-01-04,2023-01-06,,2,2023-01-04
137134,1,2023-01-10,2023-01-11,,1,2023-01-10
137304,1,2023-01-04,2023-01-05,,1,2023-01-04
137361,1,2023-01-05,2023-01-06,,1,2023-01-05
137468,1,2023-01-19,2023-01-20,,1,2023-01-19
137510,1,2023-01-09,2023-01-09,,1,2023-01-09
137511,1,2023-01-09,2023-01-09,,1,2023-01-09
137512,2,2023-01-11,2023-01-13,,2,2023-01-11
137662,1,2023-01-09,2023-01-10,,1,2023-01-09
137665,6,2023-02-14,2023-02-20,,6,2023-02-14
137709,1,2023-01-10,2023-01-11,,1,2023-01-10
137720,1,2023-01-10,2023-01-11,,1,2023-01-10
137734,2,2023-01-10,2023-01-11,,2,2023-01-10
137743,1,2023-01-10,2023-01-10,,1,2023-01-10
137744,1,2023-01-10,2023-01-11,,1,2023-01-10
137790,1,2023-01-10,2023-01-11,,1,2023-01-10
137879,1,2023-01-11,2023-01-12,,1,2023-01-11
138494,2,2023-01-12,2023-01-13,,2,2023-01-12
138499,5,2023-01-12,2023-01-16,,5,2023-01-12
138505,1,2023-01-12,2023-01-13,,1,2023-01-12
138538,8,2023-01-13,2023-01-20,,8,2023-01-13
138539,5,2023-01-13,2023-01-18,,5,2023-01-13
138600,4,2023-01-12,2023-01-16,,4,2023-01-12
138631,10,2023-01-13,2023-01-23,,10,2023-01-13
138858,4,2023-01-17,2023-01-20,,4,2023-01-17
138910,4,2023-01-16,2023-01-19,,4,2023-01-16
138919,17,2023-01-14,2023-01-30,,17,2023-01-14
139514,1,2023-01-19,2023-01-20,,1,2023-01-19
139515,4,2023-01-19,2023-01-23,,4,2023-01-19
139518,2,2023-01-18,2023-01-20,,2,2023-01-18
139519,1,2023-01-23,2023-01-23,,1,2023-01-23
139521,4,2023-01-19,2023-01-23,,4,2023-01-19
139570,20,2023-01-18,2023-02-07,,20,2023-01-18
139607,4,2023-02-21,2023-02-24,,4,2023-02-21
139617,1,2023-01-24,2023-01-24,,1,2023-01-24
139622,12,2023-01-25,2023-02-06,,12,2023-01-25
139625,12,2023-01-27,2023-02-07,,12,2023-01-27
139679,12,2023-02-03,2023-02-14,,12,2023-02-03
139685,5,2023-01-23,2023-01-27,,5,2023-01-23
139710,23,2023-04-11,2023-05-04,,23,2023-04-11
139778,7,2023-01-20,2023-01-27,,7,2023-01-20
139786,6,2023-02-02,2023-02-07,,6,2023-02-02
139790,7,2023-01-25,2023-02-01,,7,2023-01-25
139816,5,2023-02-02,2023-02-07,,5,2023-02-02
139957,5,2023-04-14,2023-04-18,,5,2023-04-14
139959,6,2023-02-01,2023-02-06,,6,2023-02-01
139973,3,2023-01-23,2023-01-25,,3,2023-01-23
139988,5,2023-04-13,2023-04-18,,5,2023-04-13
139999,6,2023-02-10,2023-02-16,,6,2023-02-10
140068,4,2023-02-02,2023-02-06,,4,2023-02-02
140086,2,2023-01-24,2023-01-25,,2,2023-01-24
140087,1,2023-01-24,2023-01-25,,1,2023-01-24
140195,1,2023-01-25,2023-01-25,,1,2023-01-25
140201,7,2023-01-30,2023-02-06,,7,2023-01-30
140233,1,2023-02-01,2023-02-01,,1,2023-02-01
140262,6,2023-01-31,2023-02-06,,6,2023-01-31
140308,2,2023-01-25,2023-01-27,,2,2023-01-25
140460,1,2023-02-02,2023-02-03,,1,2023-02-02
140469,9,2023-03-15,2023-03-23,,9,2023-03-15
140538,4,2023-01-30,2023-02-02,,4,2023-01-30
140684,3,2023-01-30,2023-02-01,,3,2023-01-30
140691,3,2023-01-27,2023-01-30,,3,2023-01-27
140883,20,2023-02-03,2023-02-23,,20,2023-02-03
140888,11,2023-01-30,2023-02-10,,11,2023-01-30
140893,2,2023-01-30,2023-02-01,,2,2023-01-30
141034,21,2023-02-02,2023-02-23,,21,2023-02-02
141041,13,2023-02-02,2023-02-14,,13,2023-02-02
141167,7,2023-02-07,2023-02-13,,7,2023-02-07
141427,8,2023-02-22,2023-03-01,,8,2023-02-22
141517,14,2023-02-03,2023-02-16,,14,2023-02-03
141519,1,2023-02-02,2023-02-02,,1,2023-02-02
141527,1,2023-02-02,2023-02-03,,1,2023-02-02
141532,9,2023-02-06,2023-02-14,,9,2023-02-06
141536,6,2023-02-09,2023-02-15,,6,2023-02-09
141541,1,2023-02-07,2023-02-07,,1,2023-02-07
141544,1,2023-03-02,2023-03-03,,1,2023-03-02
141545,1,2023-02-16,2023-02-17,,1,2023-02-16
141546,1,2023-02-08,2023-02-09,,1,2023-02-08
141555,27,2023-02-15,2023-03-14,,27,2023-02-15
141624,4,2023-02-09,2023-02-13,,4,2023-02-09
141642,7,2023-02-07,2023-02-14,,7,2023-02-07
141830,1,2023-02-07,2023-02-07,,1,2023-02-07
141890,9,2023-02-08,2023-02-16,,9,2023-02-08
141891,1,2023-02-08,2023-02-08,,1,2023-02-08
141899,1,2023-02-07,2023-02-07,,1,2023-02-07
141900,1,2023-02-13,2023-02-14,,1,2023-02-13
141902,12,2023-02-08,2023-02-20,,12,2023-02-08
141981,6,2023-02-08,2023-02-13,,6,2023-02-08
141982,1,2023-02-08,2023-02-08,,1,2023-02-08
142234,16,2023-02-08,2023-02-23,,16,2023-02-08
142243,2,2023-02-08,2023-02-09,,2,2023-02-08
142260,2,2023-02-14,2023-02-15,,2,2023-02-14
142308,14,2023-02-09,2023-02-23,,14,2023-02-09
142326,2,2023-02-14,2023-02-16,,2,2023-02-14
142343,1,2023-02-09,2023-02-09,,1,2023-02-09
142357,7,2023-02-15,2023-02-21,,7,2023-02-15
142440,5,2023-03-03,2023-03-08,,5,2023-03-03
142496,8,2023-02-15,2023-02-22,,8,2023-02-15
142534,11,2023-02-17,2023-02-28,,11,2023-02-17
142689,13,2023-02-15,2023-02-28,,13,2023-02-15
142747,9,2023-02-15,2023-02-24,,9,2023-02-15
142774,2,2023-02-15,2023-02-17,,2,2023-02-15
142803,13,2023-02-17,2023-03-01,,13,2023-02-17
142828,8,2023-02-21,2023-03-01,,8,2023-02-21
142830,5,2023-04-24,2023-04-28,,5,2023-04-24
142831,4,2023-02-21,2023-02-24,,4,2023-02-21
142834,7,2023-02-16,2023-02-22,,7,2023-02-16
142836,4,2023-02-17,2023-02-21,,4,2023-02-17
142838,8,2023-02-20,2023-02-27,,8,2023-02-20
142842,1,2023-02-21,2023-02-21,,1,2023-02-21
142845,7,2023-02-28,2023-03-06,,7,2023-02-28
142850,10,2023-02-24,2023-03-06,,10,2023-02-24
142859,5,2023-02-23,2023-02-28,,5,2023-02-23
142875,6,2023-02-23,2023-03-01,,6,2023-02-23
142889,1,2023-02-21,2023-02-21,,1,2023-02-21
142891,7,2023-02-17,2023-02-24,,7,2023-02-17
142907,5,2023-02-23,2023-02-28,,5,2023-02-23
142919,6,2023-02-23,2023-03-01,,6,2023-02-23
142928,8,2023-02-16,2023-02-24,,8,2023-02-16
143018,5,2023-03-15,2023-03-20,,5,2023-03-15
143021,18,2023-03-09,2023-03-27,,18,2023-03-09
143026,18,2023-03-10,2023-03-28,,18,2023-03-10
143032,8,2023-04-03,2023-04-11,,8,2023-04-03
143042,6,2023-02-22,2023-02-28,,6,2023-02-22
143043,13,2023-04-04,2023-04-17,,13,2023-04-04
143049,14,2023-02-23,2023-03-08,,14,2023-02-23
143115,1,2023-03-01,2023-03-01,,1,2023-03-01
143119,4,2023-02-27,2023-03-03,,4,2023-02-27
143121,14,2023-03-01,2023-03-14,,14,2023-03-01
143142,16,2023-04-05,2023-04-21,,16,2023-04-05
143233,14,2023-02-22,2023-03-08,,14,2023-02-22
143573,1,2023-03-09,2023-03-09,,1,2023-03-09
143618,15,2023-02-23,2023-03-09,,15,2023-02-23
143817,4,2023-02-24,2023-02-28,,4,2023-02-24
143901,1,2023-02-24,2023-02-24,,1,2023-02-24
143904,3,2023-02-24,2023-02-27,,3,2023-02-24
143928,4,2023-03-07,2023-03-10,,4,2023-03-07
143932,3,2023-02-24,2023-02-27,,3,2023-02-24
143934,3,2023-02-24,2023-02-27,,3,2023-02-24
143936,5,2023-03-02,2023-03-06,,5,2023-03-02
143937,6,2023-02-24,2023-03-01,,6,2023-02-24
143938,3,2023-02-27,2023-03-01,,3,2023-02-27
143941,8,2023-03-02,2023-03-10,,8,2023-03-02
143942,6,2023-02-24,2023-03-02,,6,2023-02-24
143977,1,2023-02-28,2023-02-28,,1,2023-02-28
144008,2,2023-02-27,2023-02-28,,2,2023-02-27
144009,9,2023-03-01,2023-03-10,,9,2023-03-01
144010,2,2023-02-27,2023-02-28,,2,2023-02-27
144012,22,2023-03-06,2023-03-27,,22,2023-03-06
144014,6,2023-02-28,2023-03-06,,6,2023-02-28
144053,1,2023-02-27,2023-02-27,,1,2023-02-27
144283,11,2023-02-28,2023-03-10,,11,2023-02-28
144484,1,2023-03-02,2023-03-03,,1,2023-03-02
144486,1,2023-03-02,2023-03-03,,1,2023-03-02
144511,9,2023-05-10,2023-05-19,,9,2023-05-10
144512,1,2023-03-02,2023-03-03,,1,2023-03-02
144595,13,2023-03-09,2023-03-21,,13,2023-03-09
144671,4,2023-03-06,2023-03-09,,4,2023-03-06
144691,1,2023-03-29,2023-03-29,,1,2023-03-29
144692,6,2023-03-21,2023-03-27,,6,2023-03-21
144695,14,2023-03-06,2023-03-20,,14,2023-03-06
144774,5,2023-03-09,2023-03-14,,5,2023-03-09
144786,13,2023-03-16,2023-03-29,,13,2023-03-16
144787,20,2023-03-16,2023-04-04,,20,2023-03-16
144797,3,2023-03-22,2023-03-24,,3,2023-03-22
144798,6,2023-03-28,2023-04-03,,6,2023-03-28
144824,1,2023-03-09,2023-03-09,,1,2023-03-09
144825,1,2023-03-29,2023-03-29,,1,2023-03-29
144913,3,2023-03-13,2023-03-16,,3,2023-03-13
145354,3,2023-03-28,2023-03-31,,3,2023-03-28
145363,13,2023-03-16,2023-03-29,,13,2023-03-16
145467,1,2023-03-15,2023-03-16,,1,2023-03-15
145474,19,2023-03-16,2023-04-03,,19,2023-03-16
145487,1,2023-03-13,2023-03-13,,1,2023-03-13
145541,14,2023-03-14,2023-03-27,,14,2023-03-14
145550,14,2023-03-16,2023-03-30,,14,2023-03-16
145600,9,2023-03-15,2023-03-23,,9,2023-03-15
145772,22,2023-04-24,2023-05-15,,22,2023-04-24
145833,1,2023-06-13,2023-06-14,,1,2023-06-13
145834,31,2023-04-24,2023-05-24,,31,2023-04-24
146279,7,2023-04-07,2023-04-13,,7,2023-04-07
146306,7,2023-03-20,2023-03-27,,7,2023-03-20
146313,9,2023-06-29,2023-07-07,,9,2023-06-29
146564,16,2023-03-22,2023-04-07,,16,2023-03-22
146639,21,2023-04-27,2023-05-17,,21,2023-04-27
146663,4,2023-03-23,2023-03-27,,4,2023-03-23
146664,2,2023-03-22,2023-03-24,,2,2023-03-22
146777,12,2023-03-20,2023-03-31,,12,2023-03-20
146866,2,2023-03-27,2023-03-29,,2,2023-03-27
146871,2,2023-03-30,2023-03-31,,2,2023-03-30
146925,3,2023-03-27,2023-03-30,,3,2023-03-27
146926,7,2023-03-28,2023-04-04,,7,2023-03-28
146928,6,2023-04-11,2023-04-17,,6,2023-04-11
146929,1,2023-03-22,2023-03-22,,1,2023-03-22
146973,8,2023-03-28,2023-04-04,,8,2023-03-28
146977,7,2023-04-11,2023-04-17,,7,2023-04-11
147252,5,2023-03-30,2023-04-04,,5,2023-03-30
147298,14,2023-03-28,2023-04-11,,14,2023-03-28
147300,4,2023-04-10,2023-04-13,,4,2023-04-10
147369,1,2023-04-19,2023-04-19,,1,2023-04-19
147373,7,2023-03-30,2023-04-05,,7,2023-03-30
147453,13,2023-04-13,2023-04-26,,13,2023-04-13
147528,6,2023-04-12,2023-04-17,,6,2023-04-12
148206,2,2023-04-05,2023-04-07,,2,2023-04-05
148242,1,2023-05-25,2023-05-26,,1,2023-05-25
148311,2,2023-04-03,2023-04-04,,2,2023-04-03
148352,5,2023-03-30,2023-04-04,,5,2023-03-30
148370,2,2023-04-10,2023-04-11,,2,2023-04-10
148504,7,2023-04-04,2023-04-11,,7,2023-04-04
148510,2,2023-04-05,2023-04-06,,2,2023-04-05
148511,2,2023-04-04,2023-04-05,,2,2023-04-04
148520,2,2023-04-03,2023-04-04,,2,2023-04-03
148549,7,2023-04-11,2023-04-18,,7,2023-04-11
148570,1,2023-06-21,2023-06-21,,1,2023-06-21
148769,1,2023-07-03,2023-07-03,,1,2023-07-03
148963,4,2023-04-18,2023-04-21,,4,2023-04-18
149003,2,2023-04-20,2023-04-21,,2,2023-04-20
149007,1,2023-04-06,2023-04-06,,1,2023-04-06
149010,8,2023-04-10,2023-04-17,,8,2023-04-10
149015,6,2023-04-07,2023-04-12,,6,2023-04-07
149293,6,2023-04-07,2023-04-13,,6,2023-04-07
149307,5,2023-04-06,2023-04-11,,5,2023-04-06
149365,6,2023-04-11,2023-04-17,,6,2023-04-11
149380,11,2023-06-26,2023-07-07,,11,2023-06-26
149446,6,2023-05-11,2023-05-17,,6,2023-05-11
149470,15,2023-04-27,2023-05-11,,15,2023-04-27
149519,3,2023-04-11,2023-04-14,,3,2023-04-11
149932,8,2023-06-15,2023-06-22,,8,2023-06-15
149963,34,2023-04-14,2023-05-17,,34,2023-04-14
149964,9,2023-04-18,2023-04-27,,9,2023-04-18
150178,4,2023-04-18,2023-04-21,,4,2023-04-18
150221,7,2023-04-17,2023-04-24,,7,2023-04-17
150242,9,2023-04-18,2023-04-26,,9,2023-04-18
150330,2,2023-04-19,2023-04-20,,2,2023-04-19
150344,3,2023-04-18,2023-04-21,,3,2023-04-18
150378,4,2023-04-17,2023-04-21,,4,2023-04-17
150450,6,2023-06-13,2023-06-19,,6,2023-06-13
150464,11,2023-04-18,2023-04-28,,11,2023-04-18
150490,24,2023-04-26,2023-05-19,,24,2023-04-26
150491,1,2023-06-14,2023-06-15,,1,2023-06-14
150492,7,2023-06-02,2023-06-08,,7,2023-06-02
150493,1,2023-06-12,2023-06-13,,1,2023-06-12
150495,3,2023-06-12,2023-06-14,,3,2023-06-12
150496,6,2023-06-07,2023-06-13,,6,2023-06-07
150497,4,2023-06-09,2023-06-13,,4,2023-06-09
150498,10,2023-06-05,2023-06-14,,10,2023-06-05
150500,6,2023-05-30,2023-06-05,,6,2023-05-30
150502,3,2023-04-18,2023-04-20,,3,2023-04-18
150585,8,2023-07-11,2023-07-18,,8,2023-07-11
150625,5,2023-05-10,2023-05-15,,5,2023-05-10
150634,6,2023-04-21,2023-04-26,,6,2023-04-21
150698,5,2023-04-20,2023-04-24,,5,2023-04-20
150857,2,2023-04-19,2023-04-21,,2,2023-04-19
150986,11,2023-06-16,2023-06-27,,11,2023-06-16
151161,2,2023-04-24,2023-04-26,,2,2023-04-24
151162,5,2023-04-24,2023-04-28,,5,2023-04-24
151214,2,2023-04-25,2023-04-26,,2,2023-04-25
151266,2,2023-04-25,2023-04-26,,2,2023-04-25
151286,2,2023-05-03,2023-05-04,,2,2023-05-03
151322,11,2023-05-19,2023-05-30,,11,2023-05-19
151350,3,2023-04-25,2023-04-28,,3,2023-04-25
151447,2,2023-05-29,2023-05-31,,2,2023-05-29
151461,9,2023-05-02,2023-05-11,,9,2023-05-02
151493,8,2023-05-29,2023-06-05,,8,2023-05-29
151658,8,2023-06-22,2023-06-29,,8,2023-06-22
151662,5,2023-05-18,2023-05-22,,5,2023-05-18
151681,2,2023-05-24,2023-05-25,,2,2023-05-24
151697,4,2023-06-02,2023-06-05,,4,2023-06-02
151794,,,
151959,2,2023-05-30,2023-05-31,,2,2023-05-30
151961,7,2023-05-04,2023-05-11,,7,2023-05-04
151981,1,2023-06-30,2023-06-30,,1,2023-06-30
151987,8,2023-06-19,2023-06-27,,8,2023-06-19
152049,1,2023-05-03,2023-05-04,,1,2023-05-03
152050,2,2023-05-17,2023-05-18,,2,2023-05-17
152051,11,2023-05-04,2023-05-15,,11,2023-05-04
152164,8,2023-05-04,2023-05-12,,8,2023-05-04
152167,8,2023-05-08,2023-05-15,,8,2023-05-08
152544,1,2023-09-19,2023-09-19,,1,2023-09-19
152786,8,2023-05-18,2023-05-25,,8,2023-05-18
152806,8,2023-05-22,2023-05-30,,8,2023-05-22
152840,4,2023-05-23,2023-05-26,,4,2023-05-23
152865,1,2023-05-11,2023-05-12,,1,2023-05-11
152867,5,2023-05-15,2023-05-19,,5,2023-05-15
152868,1,2023-05-15,2023-05-15,,1,2023-05-15
153145,1,2023-05-15,2023-05-16,,1,2023-05-15
153416,3,2023-05-19,2023-05-22,,3,2023-05-19
153847,4,2023-06-01,2023-06-05,,4,2023-06-01
153870,2,2023-06-05,2023-06-06,,2,2023-06-05
153871,1,2023-05-25,2023-05-26,,1,2023-05-25
154122,7,2023-06-13,2023-06-20,,7,2023-06-13
154246,8,2023-05-23,2023-05-30,,8,2023-05-23
154359,4,2023-06-23,2023-06-26,,4,2023-06-23
154360,5,2023-06-23,2023-06-28,,5,2023-06-23
154747,5,2023-05-24,2023-05-29,,5,2023-05-24
154796,7,2023-05-31,2023-06-07,,7,2023-05-31
154797,5,2023-06-07,2023-06-12,,5,2023-06-07
154798,6,2023-06-01,2023-06-07,,6,2023-06-01
154799,9,2023-06-12,2023-06-21,,9,2023-06-12
155350,1,2023-06-21,2023-06-21,,1,2023-06-21
155659,7,2023-06-05,2023-06-12,,7,2023-06-05
155867,5,2024-05-15,2024-05-20,,5,2024-05-15
155970,1,2023-06-06,2023-06-07,,1,2023-06-06
155973,5,2023-06-14,2023-06-19,,5,2023-06-14
155981,2,2023-06-07,2023-06-09,,2,2023-06-07
156364,1,2023-06-13,2023-06-13,,1,2023-06-13
156701,1,2023-06-14,2023-06-15,,1,2023-06-14
156748,3,2023-06-14,2023-06-16,,3,2023-06-14
156903,5,2023-06-14,2023-06-19,,5,2023-06-14
156907,1,2023-06-14,2023-06-15,,1,2023-06-14
157010,5,2023-06-15,2023-06-19,,5,2023-06-15
157014,5,2023-06-16,2023-06-20,,5,2023-06-16
157038,1,2023-06-15,2023-06-16,,1,2023-06-15
157052,4,2023-06-16,2023-06-19,,4,2023-06-16
157081,7,2023-06-16,2023-06-22,,7,2023-06-16
157220,1,2023-06-28,2023-06-28,,1,2023-06-28
157695,6,2023-06-23,2023-06-28,,6,2023-06-23
157719,6,2023-06-21,2023-06-26,,6,2023-06-21
157737,6,2023-07-19,2023-07-24,,6,2023-07-19
157797,7,2023-06-21,2023-06-28,,7,2023-06-21
157799,13,2023-06-30,2023-07-12,,13,2023-06-30
157800,5,2023-07-12,2023-07-17,,5,2023-07-12
157803,7,2023-06-27,2023-07-03,,7,2023-06-27
157893,8,2023-06-22,2023-06-29,,8,2023-06-22
157938,9,2023-07-17,2023-07-26,,9,2023-07-17
158216,13,2023-06-23,2023-07-06,,13,2023-06-23
158476,2,2023-07-12,2023-07-13,,2,2023-07-12
158574,14,2023-06-28,2023-07-12,,14,2023-06-28
158691,15,2023-06-29,2023-07-13,,15,2023-06-29
158704,9,2023-07-25,2023-08-02,,9,2023-07-25
158749,6,2023-07-05,2023-07-11,,6,2023-07-05
158750,6,2023-06-30,2023-07-05,,6,2023-06-30
158753,1,2023-07-17,2023-07-18,,1,2023-07-17
158762,1,2023-07-05,2023-07-05,,1,2023-07-05
158805,4,2023-09-18,2023-09-21,,4,2023-09-18
158806,3,2023-07-04,2023-07-07,,3,2023-07-04
158808,5,2023-09-18,2023-09-22,,5,2023-09-18
158809,5,2023-09-18,2023-09-22,,5,2023-09-18
159037,2,2023-07-06,2023-07-07,,2,2023-07-06
159193,1,2023-07-05,2023-07-05,,1,2023-07-05
159284,6,2023-07-06,2023-07-11,,6,2023-07-06
159285,7,2023-07-18,2023-07-24,,7,2023-07-18
159286,6,2023-07-12,2023-07-17,,6,2023-07-12
159287,7,2023-07-10,2023-07-17,,7,2023-07-10
159288,1,2023-07-05,2023-07-06,,1,2023-07-05
159291,14,2023-07-06,2023-07-20,,14,2023-07-06
159622,2,2023-07-12,2023-07-13,,2,2023-07-12
159897,8,2024-05-13,2024-05-20,,8,2024-05-13
159898,6,2023-07-12,2023-07-17,,6,2023-07-12
159899,1,2023-07-12,2023-07-13,,1,2023-07-12
159902,9,2023-07-26,2023-08-03,,9,2023-07-26
159948,1,2023-07-11,2023-07-11,,1,2023-07-11
160262,7,2023-08-02,2023-08-09,,7,2023-08-02
160414,1,2023-08-22,2023-08-22,,1,2023-08-22
160455,8,2023-07-18,2023-07-26,,8,2023-07-18
160654,7,2023-07-18,2023-07-24,,7,2023-07-18
160706,27,2023-07-20,2023-08-16,,27,2023-07-20
160714,1,2023-07-17,2023-07-17,,1,2023-07-17
161856,1,2023-07-24,2023-07-25,,1,2023-07-24
161877,4,2023-07-21,2023-07-24,,4,2023-07-21
161878,15,2023-07-24,2023-08-08,,15,2023-07-24
162028,3,2023-07-21,2023-07-24,,3,2023-07-21
162254,2,2023-07-25,2023-07-27,,2,2023-07-25
162262,4,2023-07-31,2023-08-04,,4,2023-07-31
162279,10,2023-07-25,2023-08-03,,10,2023-07-25
162351,8,2023-08-11,2023-08-18,,8,2023-08-11
162605,6,2023-07-26,2023-08-01,,6,2023-07-26
162630,12,2023-08-07,2023-08-18,,12,2023-08-07
162779,4,2023-08-10,2023-08-13,,4,2023-08-10
162780,1,2023-08-11,2023-08-11,,1,2023-08-11
162794,4,2023-08-29,2023-09-01,,4,2023-08-29
162795,8,2023-08-17,2023-08-24,,8,2023-08-17
162796,9,2023-08-24,2023-09-01,,9,2023-08-24
162799,9,2023-08-24,2023-09-01,,9,2023-08-24
162802,7,2023-08-01,2023-08-07,,7,2023-08-01
162866,9,2023-08-01,2023-08-09,,9,2023-08-01
162877,1,2023-09-15,2023-09-15,,1,2023-09-15
162894,15,2023-08-07,2023-08-22,,15,2023-08-07
162905,15,2023-10-26,2023-11-10,,15,2023-10-26
163039,4,2023-08-25,2023-08-29,,4,2023-08-25
163040,2,2023-08-02,2023-08-03,,2,2023-08-02
163041,4,2023-08-15,2023-08-18,,4,2023-08-15
163045,7,2023-08-07,2023-08-14,,7,2023-08-07
163112,2,2023-08-03,2023-08-04,,2,2023-08-03
163113,1,2023-08-29,2023-08-29,,1,2023-08-29
163374,1,2023-08-03,2023-08-04,,1,2023-08-03
163388,1,2023-08-21,2023-08-21,,1,2023-08-21
163638,5,2023-08-04,2023-08-09,,5,2023-08-04
163705,6,2023-11-02,2023-11-08,,6,2023-11-02
163784,14,2023-08-08,2023-08-22,,14,2023-08-08
163973,7,2023-08-23,2023-08-30,,7,2023-08-23
164609,1,2023-08-22,2023-08-22,,1,2023-08-22
164613,7,2023-08-16,2023-08-22,,7,2023-08-16
164630,6,2023-08-16,2023-08-21,,6,2023-08-16
164660,1,2023-08-22,2023-08-22,,1,2023-08-22
164887,7,2023-08-17,2023-08-24,,7,2023-08-17
164942,6,2023-08-23,2023-08-29,,6,2023-08-23
165269,10,2023-09-11,2023-09-21,,10,2023-09-11
165297,2,2023-08-31,2023-09-01,,2,2023-08-31
165299,11,2023-08-31,2023-09-11,,11,2023-08-31
165303,11,2023-08-31,2023-09-11,,11,2023-08-31
165317,16,2023-08-25,2023-09-09,,16,2023-08-25
165842,1,2023-08-29,2023-08-29,,1,2023-08-29
165847,,,
166042,1,2023-08-29,2023-08-30,,1,2023-08-29
166044,2,2023-09-19,2023-09-21,,2,2023-09-19
166105,2,2023-08-30,2023-08-31,,2,2023-08-30
166113,5,2023-09-04,2023-09-08,,5,2023-09-04
166117,7,2023-09-08,2023-09-14,,7,2023-09-08
166307,5,2023-08-31,2023-09-05,,5,2023-08-31
166314,3,2023-09-04,2023-09-07,,3,2023-09-04
166356,1,2023-09-04,2023-09-04,,1,2023-09-04
166539,1,2023-09-12,2023-09-12,,1,2023-09-12
166650,9,2023-09-05,2023-09-14,,9,2023-09-05
166736,1,2023-09-15,2023-09-15,,1,2023-09-15
166884,4,2023-09-07,2023-09-11,,4,2023-09-07
167161,2,2023-09-11,2023-09-13,,2,2023-09-11
167215,6,2023-09-21,2023-09-27,,6,2023-09-21
167248,3,2023-09-12,2023-09-15,,3,2023-09-12
167502,1,2023-09-13,2023-09-14,,1,2023-09-13
167619,1,2023-09-15,2023-09-15,,1,2023-09-15
167620,5,2023-09-18,2023-09-22,,5,2023-09-18
167621,6,2023-09-22,2023-09-27,,6,2023-09-22
167624,8,2023-09-20,2023-09-27,,8,2023-09-20
167626,4,2023-09-22,2023-09-26,,4,2023-09-22
167627,4,2023-09-22,2023-09-26,,4,2023-09-22
167628,3,2023-10-02,2023-10-05,,3,2023-10-02
167629,9,2023-09-25,2023-10-04,,9,2023-09-25
167630,14,2023-09-25,2023-10-09,,14,2023-09-25
167631,5,2023-09-29,2023-10-04,,5,2023-09-29
167877,6,2023-09-21,2023-09-26,,6,2023-09-21
167879,6,2023-09-21,2023-09-27,,6,2023-09-21
168012,12,2023-10-25,2023-11-06,,12,2023-10-25
168016,5,2023-09-18,2023-09-22,,5,2023-09-18
168794,4,2023-09-25,2023-09-28,,4,2023-09-25
168795,12,2023-10-18,2023-10-30,,12,2023-10-18
168884,1,2023-09-26,2023-09-26,,1,2023-09-26
169010,8,2023-10-31,2023-11-08,,8,2023-10-31
169045,6,2023-10-06,2023-10-12,,6,2023-10-06
169087,7,2023-10-09,2023-10-16,,7,2023-10-09
169107,1,2023-10-02,2023-10-02,,1,2023-10-02
169121,14,2023-09-28,2023-10-11,,14,2023-09-28
169122,2,2023-09-27,2023-09-29,,2,2023-09-27
169187,6,2023-10-04,2023-10-09,,6,2023-10-04
169196,7,2023-10-09,2023-10-16,,7,2023-10-09
169197,10,2023-09-29,2023-10-09,,10,2023-09-29
169198,4,2023-10-05,2023-10-09,,4,2023-10-05
169200,2,2023-10-16,2023-10-18,,2,2023-10-16
169394,2,2023-10-02,2023-10-04,,2,2023-10-02
169528,1,2023-10-03,2023-10-04,,1,2023-10-03
169599,2,2023-10-03,2023-10-05,,2,2023-10-03
169779,9,2023-10-12,2023-10-20,,9,2023-10-12
169780,1,2023-10-05,2023-10-06,,1,2023-10-05
169782,7,2023-10-31,2023-11-07,,7,2023-10-31
169783,6,2023-10-26,2023-11-01,,6,2023-10-26
169784,4,2023-11-07,2023-11-10,,4,2023-11-07
169891,2,2023-10-23,2023-10-25,,2,2023-10-23
169907,,,
169908,9,2024-07-08,2024-07-16,,9,2024-07-08
169915,1,2023-10-17,2023-10-18,,1,2023-10-17
169959,,,
169968,6,2023-10-06,2023-10-11,,6,2023-10-06
170141,,,
170174,3,2023-10-09,2023-10-12,,3,2023-10-09
170271,2,2023-10-31,2023-11-02,,2,2023-10-31
170388,13,2023-11-30,2023-12-13,,13,2023-11-30
170502,7,2023-10-27,2023-11-02,,7,2023-10-27
170642,7,2023-10-13,2023-10-19,,7,2023-10-13
170644,6,2023-10-12,2023-10-17,,6,2023-10-12
170789,8,2023-10-20,2023-10-27,,8,2023-10-20
171024,2,2023-10-18,2023-10-19,,2,2023-10-18
171026,6,2023-10-17,2023-10-23,,6,2023-10-17
171257,7,2023-10-24,2023-10-30,,7,2023-10-24
171265,2,2023-10-23,2023-10-25,,2,2023-10-23
171270,6,2023-11-02,2023-11-08,,6,2023-11-02
171273,2,2023-10-25,2023-10-27,,2,2023-10-25
171550,5,2023-10-19,2023-10-24,,5,2023-10-19
171556,3,2023-10-24,2023-10-27,,3,2023-10-24
171827,3,2023-10-24,2023-10-26,,3,2023-10-24
171830,4,2023-10-20,2023-10-23,,4,2023-10-20
171963,5,2023-11-01,2023-11-06,,5,2023-11-01
172056,3,2023-10-24,2023-10-26,,3,2023-10-24
172160,3,2023-10-30,2023-11-01,,3,2023-10-30
172162,2,2023-10-24,2023-10-25,,2,2023-10-24
172305,5,2023-10-25,2023-10-30,,5,2023-10-25
172414,9,2023-11-09,2023-11-17,,9,2023-11-09
172416,6,2023-11-07,2023-11-13,,6,2023-11-07
172436,4,2023-11-07,2023-11-10,,4,2023-11-07
172590,3,2023-11-13,2023-11-16,,3,2023-11-13
172619,15,2023-11-07,2023-11-21,,15,2023-11-07
172620,7,2024-03-14,2024-03-20,,7,2024-03-14
172705,6,2023-11-08,2023-11-13,,6,2023-11-08
172796,35,2023-12-13,2024-01-17,,35,2023-12-13
172837,,,
172867,6,2023-11-01,2023-11-07,,6,2023-11-01
173094,17,2024-08-21,2024-09-06,,17,2024-08-21
173146,,,
173147,,,
173154,9,2024-01-08,2024-01-16,,9,2024-01-08
173158,22,2023-11-06,2023-11-28,,22,2023-11-06
173699,,,
173717,,,
173827,,,
173854,3,2023-11-08,2023-11-10,,3,2023-11-08
173876,3,2023-12-04,2023-12-06,,3,2023-12-04
173877,5,2024-01-26,2024-01-31,,5,2024-01-26
173878,3,2024-02-07,2024-02-09,,3,2024-02-07
173879,11,2024-01-08,2024-01-18,,11,2024-01-08
173880,2,2023-12-13,2023-12-14,,2,2023-12-13
173881,1,2024-02-15,2024-02-15,,1,2024-02-15
173882,3,2023-12-18,2023-12-20,,3,2023-12-18
174096,3,2023-11-20,2023-11-23,,3,2023-11-20
174099,4,2023-11-30,2023-12-04,,4,2023-11-30
174101,2,2023-12-13,2023-12-14,,2,2023-12-13
174102,3,2023-12-11,2023-12-13,,3,2023-12-11
174218,8,2023-11-23,2023-11-30,,8,2023-11-23
174223,6,2023-11-24,2023-11-29,,6,2023-11-24
174224,6,2023-11-24,2023-11-29,,6,2023-11-24
174229,6,2023-11-24,2023-11-30,,6,2023-11-24
174263,8,2024-01-08,2024-01-16,,8,2024-01-08
174492,6,2023-11-30,2023-12-06,,6,2023-11-30
174940,7,2023-12-28,2024-01-04,,7,2023-12-28
174942,6,2024-01-02,2024-01-08,,6,2024-01-02
174973,8,2023-11-14,2023-11-21,,8,2023-11-14
175003,6,2023-11-15,2023-11-20,,6,2023-11-15
175109,4,2023-11-28,2023-12-01,,4,2023-11-28
175380,8,2024-07-10,2024-07-17,,8,2024-07-10
175388,4,2023-11-17,2023-11-21,,4,2023-11-17
175662,,,
175703,24,2024-09-02,2024-09-25,,24,2024-09-02
175729,2,2023-11-21,2023-11-23,,2,2023-11-21
175731,4,2023-11-21,2023-11-24,,4,2023-11-21
175740,1,2023-11-22,2023-11-23,,1,2023-11-22
175796,4,2023-11-28,2023-12-01,,4,2023-11-28
175807,2,2023-12-07,2023-12-08,,2,2023-12-07
175808,3,2023-12-04,2023-12-07,,3,2023-12-04
175809,5,2023-12-08,2023-12-12,,5,2023-12-08
176038,12,2023-11-23,2023-12-05,,12,2023-11-23
176488,3,2023-12-01,2023-12-04,,3,2023-12-01
176711,2,2023-12-06,2023-12-07,,2,2023-12-06
176712,4,2023-12-07,2023-12-11,,4,2023-12-07
176797,7,2023-11-30,2023-12-06,,7,2023-11-30
176824,3,2023-12-01,2023-12-04,,3,2023-12-01
176835,3,2023-12-01,2023-12-04,,3,2023-12-01
176874,3,2023-12-01,2023-12-04,,3,2023-12-01
176897,9,2023-11-30,2023-12-08,,9,2023-11-30
176978,3,2024-06-03,2024-06-05,,3,2024-06-03
177216,2,2023-12-07,2023-12-08,,2,2023-12-07
177217,7,2023-12-08,2023-12-14,,7,2023-12-08
177341,4,2023-12-05,2023-12-08,,4,2023-12-05
177365,14,2023-12-05,2023-12-18,,14,2023-12-05
177508,1,2024-01-02,2024-01-03,,1,2024-01-02
177509,1,2024-01-03,2024-01-03,,1,2024-01-03
177629,,,
177630,3,2023-12-27,2023-12-29,,3,2023-12-27
177631,6,2024-01-04,2024-01-09,,6,2024-01-04
177939,8,2023-12-14,2023-12-21,,8,2023-12-14
178245,3,2023-12-12,2023-12-14,,3,2023-12-12
178248,5,2024-02-01,2024-02-05,,5,2024-02-01
178619,3,2024-01-02,2024-01-04,,3,2024-01-02
178644,2,2023-12-26,2023-12-28,,2,2023-12-26
178874,14,2023-12-15,2023-12-29,,14,2023-12-15
179260,2,2023-12-19,2023-12-21,,2,2023-12-19
179747,9,2024-01-08,2024-01-16,,9,2024-01-08
179809,7,2023-12-29,2024-01-04,,7,2023-12-29
180378,3,2024-01-09,2024-01-12,,3,2024-01-09
180383,4,2024-01-04,2024-01-08,,4,2024-01-04
180385,5,2024-01-12,2024-01-16,,5,2024-01-12
180386,2,2024-01-11,2024-01-12,,2,2024-01-11
180625,7,2024-01-17,2024-01-23,,7,2024-01-17
180720,6,2024-08-01,2024-08-07,,6,2024-08-01
180747,3,2024-01-29,2024-01-31,,3,2024-01-29
180748,9,2024-01-17,2024-01-26,,9,2024-01-17
180772,3,2024-01-16,2024-01-19,,3,2024-01-16
181308,8,2024-01-11,2024-01-19,,8,2024-01-11
181468,,,
181724,1,2024-01-17,2024-01-17,,1,2024-01-17
181937,4,2024-02-06,2024-02-09,,4,2024-02-06
182200,9,2024-02-21,2024-03-01,,9,2024-02-21
182205,3,2024-03-13,2024-03-15,,3,2024-03-13
182207,11,2024-02-27,2024-03-08,,11,2024-02-27
182208,1,2024-03-14,2024-03-14,,1,2024-03-14
182209,14,2024-02-15,2024-02-28,,14,2024-02-15
182210,1,2024-03-13,2024-03-14,,1,2024-03-13
182211,5,2024-02-29,2024-03-04,,5,2024-02-29
182212,5,2024-02-01,2024-02-05,,5,2024-02-01
182213,1,2024-02-13,2024-02-14,,1,2024-02-13
182214,8,2024-02-06,2024-02-13,,8,2024-02-06
182215,3,2024-01-22,2024-01-24,,3,2024-01-22
182216,5,2024-01-19,2024-01-24,,5,2024-01-19
182399,8,2024-05-20,2024-05-27,,8,2024-05-20
182407,5,2024-05-09,2024-05-14,,5,2024-05-09
182409,,,
182426,19,2024-01-31,2024-02-19,,19,2024-01-31
182521,4,2024-01-24,2024-01-27,,4,2024-01-24
182536,5,2024-01-18,2024-01-22,,5,2024-01-18
182648,5,2024-01-19,2024-01-23,,5,2024-01-19
182659,2,2024-03-18,2024-03-19,,2,2024-03-18
182698,,,
183169,2,2024-01-25,2024-01-26,,2,2024-01-25
183171,2,2024-03-13,2024-03-14,,2,2024-03-13
183172,4,2024-02-15,2024-02-19,,4,2024-02-15
183236,8,2024-02-06,2024-02-13,,8,2024-02-06
183412,7,2024-01-25,2024-01-31,,7,2024-01-25
183447,12,2024-01-25,2024-02-05,,12,2024-01-25
183580,3,2024-01-29,2024-01-31,,3,2024-01-29
183591,1,2024-02-21,2024-02-22,,1,2024-02-21
183667,8,2024-01-31,2024-02-07,,8,2024-01-31
184205,5,2024-02-01,2024-02-05,,5,2024-02-01
184218,3,2024-02-05,2024-02-08,,3,2024-02-05
184219,2,2024-02-13,2024-02-14,,2,2024-02-13
184221,6,2024-04-25,2024-04-30,,6,2024-04-25
184230,7,2024-03-05,2024-03-12,,7,2024-03-05
184542,4,2024-02-27,2024-03-01,,4,2024-02-27
184544,5,2024-02-22,2024-02-27,,5,2024-02-22
185034,5,2024-02-16,2024-02-20,,5,2024-02-16
185241,4,2024-02-19,2024-02-22,,4,2024-02-19
185355,5,2024-02-14,2024-02-19,,5,2024-02-14
185861,2,2024-03-07,2024-03-08,,2,2024-03-07
186625,2,2024-03-19,2024-03-20,,2,2024-03-19
186694,1,2024-02-19,2024-02-20,,1,2024-02-19
186707,9,2024-04-16,2024-04-24,,9,2024-04-16
186929,3,2024-02-20,2024-02-22,,3,2024-02-20
187013,8,2024-04-03,2024-04-11,,8,2024-04-03
187079,2,2024-03-27,2024-03-28,,2,2024-03-27
187416,25,2024-12-10,2025-01-04,,25,2024-12-10
187418,8,2024-05-02,2024-05-10,,8,2024-05-02
187508,5,2024-03-14,2024-03-19,,5,2024-03-14
187514,4,2024-03-19,2024-03-23,,4,2024-03-19
187519,7,2024-03-21,2024-03-28,,7,2024-03-21
187812,1,2024-04-02,2024-04-03,,1,2024-04-02
187814,1,2024-04-23,2024-04-23,,1,2024-04-23
187815,5,2024-04-19,2024-04-23,,5,2024-04-19
187816,6,2024-04-23,2024-04-29,,6,2024-04-23
187817,1,2024-04-18,2024-04-18,,1,2024-04-18
187918,7,2024-03-21,2024-03-27,,7,2024-03-21
187922,13,2024-03-27,2024-04-08,,13,2024-03-27
187923,6,2024-03-15,2024-03-21,,6,2024-03-15
188012,9,2024-02-28,2024-03-08,,9,2024-02-28
188023,7,2024-03-06,2024-03-12,,7,2024-03-06
188144,2,2024-03-06,2024-03-08,,2,2024-03-06
188150,1,2024-05-02,2024-05-03,,1,2024-05-02
188635,6,2024-03-12,2024-03-18,,6,2024-03-12
188637,2,2024-03-11,2024-03-12,,2,2024-03-11
188644,1,2024-03-05,2024-03-06,,1,2024-03-05
188787,6,2024-04-17,2024-04-23,,6,2024-04-17
188793,4,2024-04-02,2024-04-05,,4,2024-04-02
188796,3,2024-04-23,2024-04-25,,3,2024-04-23
188876,1,2024-04-18,2024-04-19,,1,2024-04-18
188879,2,2024-05-20,2024-05-21,,2,2024-05-20
189006,3,2024-03-12,2024-03-15,,3,2024-03-12
189114,2,2024-03-11,2024-03-12,,2,2024-03-11
189116,5,2024-03-08,2024-03-12,,5,2024-03-08
190132,5,2024-03-14,2024-03-18,,5,2024-03-14
190457,4,2024-03-18,2024-03-21,,4,2024-03-18
190593,6,2024-03-21,2024-03-26,,6,2024-03-21
190595,4,2024-03-26,2024-03-29,,4,2024-03-26
190596,8,2024-04-02,2024-04-09,,8,2024-04-02
190622,7,2024-04-04,2024-04-10,,7,2024-04-04
190625,6,2024-03-20,2024-03-25,,6,2024-03-20
190631,12,2024-04-26,2024-05-07,,12,2024-04-26
190763,6,2024-03-22,2024-03-28,,6,2024-03-22
190904,3,2024-04-26,2024-04-29,,3,2024-04-26
191039,3,2024-04-08,2024-04-10,,3,2024-04-08
191186,14,2024-11-14,2024-11-28,,14,2024-11-14
191188,15,2024-12-10,2024-12-24,,15,2024-12-10
191189,5,2024-11-28,2024-12-03,,5,2024-11-28
191190,3,2025-01-08,2025-01-10,,3,2025-01-08
191250,23,2024-04-25,2024-05-17,,23,2024-04-25
191285,8,2024-03-28,2024-04-04,,8,2024-03-28
191440,14,2024-05-17,2024-05-30,,14,2024-05-17
191517,4,2024-03-29,2024-04-02,,4,2024-03-29
191857,1,2024-04-08,2024-04-08,,1,2024-04-08
191941,3,2024-04-03,2024-04-05,,3,2024-04-03
192251,11,2024-04-05,2024-04-16,,11,2024-04-05
192287,,,
192384,2,2024-04-11,2024-04-12,,2,2024-04-11
192623,7,2024-04-10,2024-04-16,,7,2024-04-10
192925,5,2024-04-15,2024-04-19,,5,2024-04-15
192991,5,2024-04-12,2024-04-16,,5,2024-04-12
194051,,,
194123,5,2024-04-19,2024-04-23,,5,2024-04-19
194690,3,2024-04-23,2024-04-26,,3,2024-04-23
194831,10,2024-12-10,2024-12-20,,10,2024-12-10
194878,9,2024-05-21,2024-05-29,,9,2024-05-21
194947,,,
195088,2,2024-05-14,2024-05-15,,2,2024-05-14
195103,13,2024-04-25,2024-05-07,,13,2024-04-25
195121,7,2024-04-25,2024-05-02,,7,2024-04-25
195137,4,2024-05-07,2024-05-10,,4,2024-05-07
195189,,,
195436,13,2024-05-02,2024-05-14,,13,2024-05-02
195442,15,2024-05-21,2024-06-04,,15,2024-05-21
195637,2,2024-05-20,2024-05-21,,2,2024-05-20
195638,7,2024-05-08,2024-05-15,,7,2024-05-08
195687,,,
195693,7,2024-05-08,2024-05-14,,7,2024-05-08
195828,,,
196065,7,2024-05-30,2024-06-05,,7,2024-05-30
196066,3,2024-05-20,2024-05-22,,3,2024-05-20
196067,6,2024-05-24,2024-05-30,,6,2024-05-24
196087,3,2024-05-13,2024-05-16,,3,2024-05-13
196089,8,2024-05-08,2024-05-15,,8,2024-05-08
196286,1,2024-05-09,2024-05-09,,1,2024-05-09
196374,5,2024-05-10,2024-05-15,,5,2024-05-10
196607,5,2024-05-13,2024-05-17,,5,2024-05-13
196628,2,2024-05-15,2024-05-17,,2,2024-05-15
196724,4,2024-05-14,2024-05-17,,4,2024-05-14
196902,,,
196903,,,
196966,5,2024-05-17,2024-05-21,,5,2024-05-17
197423,1,2024-05-24,2024-05-24,,1,2024-05-24
197454,1,2024-05-17,2024-05-17,,1,2024-05-17
197455,3,2024-05-17,2024-05-20,,3,2024-05-17
197456,8,2024-05-17,2024-05-24,,8,2024-05-17
197483,,,
197976,12,2024-07-29,2024-08-09,,12,2024-07-29
197977,13,2024-08-08,2024-08-21,,13,2024-08-08
197980,1,2024-08-14,2024-08-14,,1,2024-08-14
197991,5,2024-05-27,2024-05-31,,5,2024-05-27
197992,13,2024-08-23,2024-09-04,,13,2024-08-23
197994,6,2024-06-06,2024-06-12,,6,2024-06-06
198011,3,2024-06-12,2024-06-14,,3,2024-06-12
198163,12,2024-06-06,2024-06-17,,12,2024-06-06
198179,8,2024-05-28,2024-06-05,,8,2024-05-28
198188,2,2024-06-11,2024-06-12,,2,2024-06-11
198201,7,2024-06-03,2024-06-10,,7,2024-06-03
198202,2,2024-07-04,2024-07-05,,2,2024-07-04
198228,10,2024-06-25,2024-07-05,,10,2024-06-25
198302,10,2024-06-11,2024-06-20,,10,2024-06-11
198303,9,2024-06-17,2024-06-26,,9,2024-06-17
198304,7,2024-06-20,2024-06-26,,7,2024-06-20
198322,14,2024-07-03,2024-07-16,,14,2024-07-03
198331,7,2024-07-12,2024-07-19,,7,2024-07-12
198336,4,2024-07-23,2024-07-26,,4,2024-07-23
198366,4,2024-07-26,2024-07-29,,4,2024-07-26
198382,,,
198383,,,
198384,,,
198385,,,
198386,,,
198387,,,
198388,,,
198389,,,
198390,,,
198391,,,
198393,,,
198394,,,
198402,,,
198498,7,2024-05-27,2024-06-03,,7,2024-05-27
199295,1,2024-11-14,2024-11-15,,1,2024-11-14
199385,7,2024-08-06,2024-08-13,,7,2024-08-06
199653,6,2024-06-05,2024-06-11,,6,2024-06-05
199770,13,2024-06-18,2024-07-01,,13,2024-06-18
199771,7,2024-07-11,2024-07-17,,7,2024-07-11
199772,17,2024-07-08,2024-07-25,,17,2024-07-08
200266,8,2024-06-10,2024-06-18,,8,2024-06-10
200471,2,2024-07-08,2024-07-09,,2,2024-07-08
200568,6,2024-06-12,2024-06-17,,6,2024-06-12
201131,,,
201244,,,
201247,,,
201344,4,2024-06-17,2024-06-21,,4,2024-06-17
201730,,,
201861,6,2024-07-18,2024-07-23,,6,2024-07-18
201933,11,2024-07-30,2024-08-09,,11,2024-07-30
201939,,,
201940,15,2024-06-25,2024-07-09,,15,2024-06-25
201981,9,2024-07-16,2024-07-24,,9,2024-07-16
202298,,,
202302,2,2024-06-25,2024-06-27,,2,2024-06-25
202441,6,2024-07-09,2024-07-15,,6,2024-07-09
202823,13,2024-08-16,2024-08-28,,13,2024-08-16
203105,7,2024-07-03,2024-07-10,,7,2024-07-03
203523,2,2024-12-17,2024-12-18,,2,2024-12-17
203565,4,2024-07-11,2024-07-15,,4,2024-07-11
203768,,,
203780,1,2024-07-09,2024-07-09,,1,2024-07-09
203813,8,2024-07-18,2024-07-26,,8,2024-07-18
204930,8,2024-07-17,2024-07-25,,8,2024-07-17
205016,,,
205238,6,2024-07-17,2024-07-23,,6,2024-07-17
205239,12,2024-07-26,2024-08-06,,12,2024-07-26
205253,5,2024-07-26,2024-07-31,,5,2024-07-26
205375,7,2024-08-14,2024-08-20,,7,2024-08-14
205560,9,2024-07-24,2024-08-01,,9,2024-07-24
205943,1,2024-07-29,2024-07-29,,1,2024-07-29
205951,1,2024-08-05,2024-08-05,,1,2024-08-05
206089,,,
206097,13,2024-07-25,2024-08-06,,13,2024-07-25
206099,5,2024-07-25,2024-07-29,,5,2024-07-25
206571,6,2024-08-01,2024-08-06,,6,2024-08-01
206573,5,2024-08-14,2024-08-19,,5,2024-08-14
207276,7,2024-08-07,2024-08-13,,7,2024-08-07
207277,4,2024-08-12,2024-08-16,,4,2024-08-12
207372,9,2024-08-06,2024-08-14,,9,2024-08-06
207403,22,2024-08-07,2024-08-28,,22,2024-08-07
207483,,,
207484,,,
207839,9,2025-02-06,,9,,2025-02-06
207854,10,2024-08-13,2024-08-22,,10,2024-08-13
208013,3,2024-08-18,2024-08-21,,3,2024-08-18
208202,,,
208784,2,2024-08-19,2024-08-21,,2,2024-08-19
208785,4,2024-08-19,2024-08-23,,4,2024-08-19
208970,2,2024-09-12,2024-09-13,,2,2024-09-12
209064,13,2024-08-21,2024-09-03,,13,2024-08-21
209075,12,2024-08-28,2024-09-09,,12,2024-08-28
209083,2,2024-08-21,2024-08-23,,2,2024-08-21
209230,,,
209258,10,2024-09-03,2024-09-13,,10,2024-09-03
210394,4,2024-09-12,2024-09-15,,4,2024-09-12
210457,6,2024-08-23,2024-08-28,,6,2024-08-23
210570,,,
210742,,,
210815,8,2024-09-10,2024-09-18,,8,2024-09-10
210860,1,2024-08-29,2024-08-30,,1,2024-08-29
211032,10,2024-09-16,2024-09-25,,10,2024-09-16
211172,1,2024-08-30,2024-08-30,,1,2024-08-30
211186,12,2024-09-06,2024-09-18,,12,2024-09-06
211239,3,2024-08-30,2024-09-02,,3,2024-08-30
211296,1,2024-09-02,2024-09-02,,1,2024-09-02
211460,3,2024-09-03,2024-09-05,,3,2024-09-03
211921,7,2024-09-05,2024-09-11,,7,2024-09-05
215696,4,2024-09-10,2024-09-13,,4,2024-09-10
215710,59,2024-09-11,2024-11-08,,59,2024-09-11
215844,6,2024-09-12,2024-09-17,,6,2024-09-12
216844,4,2024-09-16,2024-09-20,,4,2024-09-16
226244,9,2024-09-18,2024-09-26,,9,2024-09-18
226399,11,2024-12-03,2024-12-13,,11,2024-12-03
226403,2,2024-09-25,2024-09-26,,2,2024-09-25
226404,1,2024-09-30,2024-09-30,,1,2024-09-30
226406,5,2024-09-26,2024-10-01,,5,2024-09-26
226443,7,2024-09-20,2024-09-27,,7,2024-09-20
226721,7,2024-09-23,2024-09-30,,7,2024-09-23
226831,1,2024-09-26,2024-09-27,,1,2024-09-26
226907,1,2024-09-26,2024-09-27,,1,2024-09-26
226956,9,2024-09-25,2024-10-03,,9,2024-09-25
227031,,,
228228,,,
228304,4,2024-09-30,2024-10-04,,4,2024-09-30
228332,9,2024-12-02,2024-12-11,,9,2024-12-02
228472,2,2024-10-01,2024-10-03,,2,2024-10-01
228478,9,2024-09-27,2024-10-05,,9,2024-09-27
228496,3,2024-10-04,2024-10-07,,3,2024-10-04
228539,1,2025-01-05,2025-01-05,,1,2025-01-05
228540,2,2024-10-02,2024-10-03,,2,2024-10-02
228541,16,2024-10-02,2024-10-18,,16,2024-10-02
228567,7,2024-10-02,2024-10-09,,7,2024-10-02
228662,,,
228807,2,2024-10-02,2024-10-04,,2,2024-10-02
228959,1,2024-10-04,2024-10-04,,1,2024-10-04
228961,8,2024-10-04,2024-10-11,,8,2024-10-04
229102,,,
229220,9,2024-10-07,2024-10-15,,9,2024-10-07
229375,2,2024-10-07,2024-10-08,,2,2024-10-07
229398,4,2024-10-07,2024-10-11,,4,2024-10-07
229631,8,2024-11-07,2024-11-15,,8,2024-11-07
229633,7,2024-11-15,2024-11-22,,7,2024-11-15
229635,14,2024-11-20,2024-12-03,,14,2024-11-20
229639,9,2024-11-21,2024-11-30,,9,2024-11-21
229648,1,2024-10-10,2024-10-11,,1,2024-10-10
229649,14,2024-10-10,2024-10-23,,14,2024-10-10
229650,6,2024-10-24,2024-10-30,,6,2024-10-24
229651,2,2024-11-19,2024-11-20,,2,2024-11-19
229727,7,2024-10-17,2024-10-24,,7,2024-10-17
229975,,,
230101,5,2024-10-10,2024-10-15,,5,2024-10-10
230192,4,2024-10-11,2024-10-15,,4,2024-10-11
230198,11,2024-10-14,2024-10-24,,11,2024-10-14
230377,4,2024-10-14,2024-10-17,,4,2024-10-14
230405,13,2024-10-25,2024-11-06,,13,2024-10-25
230409,4,2024-11-08,2024-11-12,,4,2024-11-08
230473,12,2024-10-17,2024-10-28,,12,2024-10-17
230910,11,2024-10-17,2024-10-28,,11,2024-10-17
231233,4,2024-10-21,2024-10-24,,4,2024-10-21
231378,2,2024-10-21,2024-10-22,,2,2024-10-21
231631,14,2024-10-24,2024-11-06,,14,2024-10-24
231632,8,2024-10-24,2024-11-01,,8,2024-10-24
231719,13,2024-10-24,2024-11-06,,13,2024-10-24
232167,6,2024-10-25,2024-10-30,,6,2024-10-25
232226,5,2024-10-28,2024-11-01,,5,2024-10-28
232358,10,2024-11-05,2024-11-14,,10,2024-11-05
232374,4,2024-10-29,2024-11-01,,4,2024-10-29
232378,2,2024-11-06,2024-11-08,,2,2024-11-06
232429,4,2024-10-29,2024-11-01,,4,2024-10-29
232435,,,
232628,2,2024-10-31,2024-11-01,,2,2024-10-31
232771,,,
233126,2,2024-11-06,2024-11-08,,2,2024-11-06
233166,9,2024-11-05,2024-11-13,,9,2024-11-05
233388,,,
233556,9,2024-11-14,2024-11-22,,9,2024-11-14
233570,4,2024-11-07,2024-11-11,,4,2024-11-07
233644,3,2024-11-08,2024-11-11,,3,2024-11-08
233666,,,
233667,,,
233669,,,
233673,,,
233674,2,2024-11-12,2024-11-14,,2,2024-11-12
233681,2,2024-11-13,2024-11-15,,2,2024-11-13
233725,7,2024-11-11,2024-11-18,,7,2024-11-11
233749,9,2024-11-11,2024-11-20,,9,2024-11-11
233778,8,2024-12-03,2024-12-11,,8,2024-12-03
234000,8,2024-11-14,2024-11-21,,8,2024-11-14
234315,15,2024-11-15,2024-11-29,,15,2024-11-15
234520,8,2024-11-26,2024-12-03,,8,2024-11-26
234563,4,2024-11-18,2024-11-22,,4,2024-11-18
234565,5,2025-01-02,2025-01-07,,5,2025-01-02
234659,,,
234985,5,2024-11-22,2024-11-26,,5,2024-11-22
234990,7,2024-12-03,2024-12-09,,7,2024-12-03
234994,2,2024-11-25,2024-11-26,,2,2024-11-25
235031,9,2024-11-25,2024-12-04,,9,2024-11-25
235286,13,2024-11-27,2024-12-10,,13,2024-11-27
235322,9,2024-11-27,2024-12-06,,9,2024-11-27
235391,2,2024-11-27,2024-11-29,,2,2024-11-27
235420,,,
235642,2,2024-12-05,2024-12-06,,2,2024-12-05
235781,2,2024-12-02,2024-12-03,,2,2024-12-02
235789,6,2024-12-13,2024-12-19,,6,2024-12-13
235790,1,2024-12-16,2024-12-16,,1,2024-12-16
235791,1,2024-12-23,2024-12-24,,1,2024-12-23
236011,18,2024-12-05,2024-12-23,,18,2024-12-05
236036,2,2024-12-05,2024-12-06,,2,2024-12-05
236172,2,2024-12-11,2024-12-12,,2,2024-12-11
236359,11,2024-12-05,2024-12-16,,11,2024-12-05
236408,5,2024-12-06,2024-12-10,,5,2024-12-06
236527,1,2025-01-20,2025-01-21,,1,2025-01-20
236671,6,2024-12-11,2024-12-17,,6,2024-12-11
236877,3,2024-12-11,2024-12-13,,3,2024-12-11
236906,,,
237128,2,2024-12-16,2024-12-18,,2,2024-12-16
237521,16,2024-12-19,2025-01-03,,16,2024-12-19
237574,3,2024-12-16,2024-12-19,,3,2024-12-16
237662,11,2024-12-31,2025-01-10,,11,2024-12-31
238043,5,2024-12-18,2024-12-23,,5,2024-12-18
238055,11,2024-12-20,2024-12-31,,11,2024-12-20
238130,5,2025-01-17,2025-01-22,,5,2025-01-17
238307,4,2024-12-19,2024-12-23,,4,2024-12-19
238785,8,2024-12-31,2025-01-07,,8,2024-12-31
238970,,,
238971,,,
238974,,,
238975,,,
239033,,,
239034,,,
239065,,,
239069,,,
239080,18,2025-01-07,2025-01-24,,18,2025-01-07
239081,,,
239082,,,
239083,11,2025-01-13,2025-01-24,,11,2025-01-13
239084,,,
239085,10,2025-01-22,2025-01-31,,10,2025-01-22
239112,2,2025-01-06,2025-01-07,,2,2025-01-06
239169,1,2025-01-10,2025-01-10,,1,2025-01-10
239212,2,2025-01-08,2025-01-10,,2,2025-01-08
239235,11,2025-01-09,2025-01-20,,11,2025-01-09
239289,,,
239290,,,
239294,12,2025-01-09,2025-01-20,,12,2025-01-09
239353,,,
239368,3,2025-02-07,2025-02-10,,3,2025-02-07
239381,11,2025-01-10,2025-01-20,,11,2025-01-10
239389,,,
239390,,,
239391,,,
239491,11,2025-01-09,2025-01-20,,11,2025-01-09
239578,,,
239585,3,2025-01-22,2025-01-24,,3,2025-01-22
239587,,,
239614,3,2025-01-13,2025-01-15,,3,2025-01-13
239615,8,2025-01-17,2025-01-24,,8,2025-01-17
239716,7,2025-01-22,2025-01-29,,7,2025-01-22
239957,7,2025-01-16,2025-01-22,,7,2025-01-16
240056,4,2025-01-17,2025-01-20,,4,2025-01-17
240183,2,2025-02-13,,2,,2025-02-13
240471,,,
240659,3,2025-01-29,2025-01-31,,3,2025-01-29
240696,3,2025-01-20,2025-01-22,,3,2025-01-20
240702,5,2025-01-20,2025-01-24,,5,2025-01-20
240703,17,2025-01-20,2025-02-06,,17,2025-01-20
240704,5,2025-02-10,,5,,2025-02-10
240706,2,2025-02-03,2025-02-05,,2,2025-02-03
240725,4,2025-01-20,2025-01-24,,4,2025-01-20
240924,3,2025-02-12,,3,,2025-02-12
240982,,,
241297,,,
241298,7,2025-01-23,2025-01-29,,7,2025-01-23
241404,4,2025-01-28,2025-01-31,,4,2025-01-28
241441,1,2025-01-24,2025-01-24,,1,2025-01-24
241526,5,2025-01-27,2025-01-31,,5,2025-01-27
241532,2,2025-02-06,2025-02-07,,2,2025-02-06
241555,6,2025-01-24,2025-01-29,,6,2025-01-24
241654,,,
241956,,,
241960,7,2025-01-29,2025-02-05,,7,2025-01-29
242057,4,2025-02-11,,4,,2025-02-11
242062,,,
242191,6,2025-01-31,2025-02-05,,6,2025-01-31
242234,3,2025-02-03,2025-02-05,,3,2025-02-03
242383,,,
242401,,,
242520,9,2025-02-04,2025-02-13,,9,2025-02-04
242640,10,2025-02-05,,10,,2025-02-05
242650,7,2025-02-05,2025-02-11,,7,2025-02-05
242668,5,2025-02-05,2025-02-10,,5,2025-02-05
242777,,,
242850,1,2025-02-10,2025-02-10,,1,2025-02-10
242857,,,
243054,,,
243061,,,
243070,,,
243153,5,2025-02-10,,5,,2025-02-10
243154,3,2025-02-12,,3,,2025-02-12
243196,,,
243247,,,
243432,,,
243434,2,2025-02-13,,2,,2025-02-13
243505,,,
243512,,,
243514,,,
243515,,,
243620,3,2025-02-12,,3,,2025-02-12
243649,,,
244020,1,2025-02-14,,1,,2025-02-14
244080,1,2025-02-14,,1,,2025-02-14
244269,1,2025-02-14,,1,,2025-02-14